eval/return_std,eval/return_mean,train/dnd_blend_rate,train/epsilon,eval/dnd_top_weight,eval/episode_length,train/episode_length,_step,eval/dnd_nn_dist,train/episodes_completed,_runtime,eval/epsilon,time/step,train/dnd_size,train/q_values,train/episode_reward,time/collect,train/q_loss,train/updates,eval/return_max,eval/return_min,_timestamp,eval/dnd_optimistic_rate,train/dnd_rehashed,time/speed
,,0.08918784255107125,0.8721280097961426,,,324.625,6400,,16,112.772053697,,2.394216656219214,813.6666666666666,0.0,171.875,4.414312097243965,,,,,1787038820.8915112,,,234.99937474541105
0.0,525.0,0.22233930453108536,0.7762240171432495,0.038708448731805,328.8,309.2142857142857,11200,0.05537454556630428,14,180.76385564,0.004999999888241291,2.4660838949494064,1384.8333333333333,0.0,83.92857142857143,4.124786280095577,,,525.0,525.0,1787038910.475334,0.0,,242.760054060552
,,0.015496809480401094,0.6803200244903564,,,342.0625,16000,,16,289.971807856,,17.393950575962663,2197.5,27.8336181640625,200.0,6.566676276735961,2811.12939453125,100.0,,,1787038978.4675775,,6631.0,66.7762162415962
0.0,50.0,0.004028197381671702,0.5844160318374634,0.036006662348498426,255.8,330.3076923076923,20800,0.16010445502972834,13,364.669065517,0.004999999888241291,20.63403561897576,2906.1666666666665,38.718666076660156,240.3846153846154,4.7064463179558516,2735.611572265625,100.0,50.0,50.0,1787039087.675213,0.0,5795.0,63.140077761036395
,,0.007159904534606206,0.4885120391845703,,,312.4,25600,,15,524.808456577,,16.20338065875694,3663.5,37.38429260253906,148.33333333333334,7.608009463176131,2536.16064453125,100.0,,,1787039162.372547,,6904.0,67.19473293271581
11.180339813232422,245.0,0.006362058993637941,0.39260804653167725,0.03210515587522341,408.2,351.14285714285717,30400,0.1796294167484506,14,602.527355849,0.004999999888241291,16.072826257906854,4475.333333333333,38.53818130493164,282.14285714285717,7.7227498311549425,2614.127685546875,100.0,250.0,225.0,1787039322.5118113,0.0,9040.0,67.23938912054658
,,0.03191919191919192,0.2967040538787842,,,352.93333333333334,35200,,15,777.566116275,,19.028491693083197,5339.833333333333,40.821372985839844,300.0,6.501508927904069,2584.859619140625,100.0,,,1787039400.2300563,,10780.0,62.671365494785746
0.0,525.0,0.028438030560271648,0.2008000612258911,0.028413143658251955,393.2,395.27272727272725,40000,0.1919495859971316,11,880.471635105,0.004999999888241291,20.641265192069113,6041.0,45.723289489746094,338.6363636363636,5.985178959090263,2854.107421875,100.0,525.0,525.0,1787039575.2691376,0.0,12998.0,60.09063737225807
,,0.005030181086519115,0.07292807102203369,,,370.0625,46400,,16,1026.970892924,,20.756943347863853,7008.166666666667,45.7626953125,396.875,5.966606141999364,3169.662353515625,100.0,,,1787039678.1752057,,13956.0,59.87228607513057
0.0,650.0,0.04551630434782609,0.0010000000474974513,0.029762423438297225,388.2,404.6923076923077,51200,0.21234670323570037,13,1104.48604803,0.004999999888241291,17.691660320851952,7844.166666666667,46.67034912109375,400.0,6.74913243111223,3145.775634765625,100.0,650.0,650.0,1787039824.6741452,0.0,16113.0,65.46432500113632
,,0.0,0.0010000000474974513,,,440.875,56000,,8,1240.162980605,,20.50263813789934,8399.5,49.71311950683594,403.125,4.722886528819799,3332.427978515625,100.0,,,1787039902.1895163,,17703.0,63.42781849492837
27.386127471923828,530.0,0.21739130434782608,0.0010000000474974513,0.031963036916339546,429.0,443.90909090909093,60800,0.16827848738908954,11,1315.5705857,0.004999999888241291,19.113734616898,9029.166666666666,51.31325912475586,568.1818181818181,6.757570046000183,3437.099365234375,100.0,550.0,500.0,1787040037.8444386,0.0,21108.0,61.84458112367817
,,0.25095602294455066,0.0010000000474974513,,,454.46153846153845,65600,,13,1450.867680792,,17.46322442404926,9833.5,55.23377990722656,509.61538461538464,8.221945860888809,3473.103759765625,100.0,,,1787040113.2744668,,23967.0,62.29275423329583
0.0,275.0,0.25073746312684364,0.0010000000474974513,0.030739372938290772,413.2,442.72727272727275,70400,0.19527203902372595,11,1527.168837396,0.004999999888241291,18.12105862889439,10385.166666666666,54.72795104980469,402.27272727272725,6.69747882289812,3124.053466796875,100.0,275.0,275.0,1787040248.5711055,0.0,25407.0,64.46794067167889
,,0.31101321585903086,0.0010000000474974513,,,421.1818181818182,75200,,11,1669.07280538,,19.592933780979365,10831.166666666666,56.34937286376953,388.6363636363636,6.790048043243587,2813.31982421875,100.0,,,1787040324.8718426,,27648.0,60.64515416263507
81.77713775634766,480.0,0.4031746031746032,0.0010000000474974513,0.030371452733778604,487.8,427.3,80000,0.18495001193266822,10,1772.501589552,0.004999999888241291,17.137335847131908,11329.0,59.39053726196289,562.5,8.61668870318681,2920.686767578125,100.0,625.0,425.0,1787040466.7764254,0.0,27937.0,62.12621242454315
,,0.07604345340194396,0.0010000000474974513,,,479.2857142857143,86400,,14,1888.405167807,,18.799090723041445,12115.666666666666,60.43767547607422,594.6428571428571,6.752001542598009,2557.116943359375,100.0,,,1787040570.2043564,,31215.0,62.619632200680705
167.70509338378906,300.0,0.26466863655550865,0.0010000000474974513,0.03010196712530586,313.0,429.7692307692308,91200,0.1779659717989425,13,1964.851731445,0.004999999888241291,17.313806788995862,12905.666666666666,60.850955963134766,544.2307692307693,8.114472409710288,2687.969970703125,100.0,600.0,225.0,1787040686.1086094,0.0,32269.0,62.922071426737034
,,0.0,0.0010000000474974513,,,467.25,96000,,8,2169.089909984,,17.85629838332534,13239.5,59.143768310546875,600.0,6.57377053424716,2443.36279296875,100.0,,,1787040762.555155,,34453.0,65.49306125162518
0.0,225.0,0.6119536128456735,0.0010000000474974513,0.028940973626712267,402.0,463.09090909090907,100800,0.19832125325342811,11,2178.287433364,0.004999999888241291,21.034809472039342,13772.5,61.35367202758789,563.6363636363636,6.498811473604292,2271.986572265625,100.0,225.0,225.0,1787040966.793117,0.0,35844.0,58.110773122020184
