eval/value_return_corr,time/step,time/elapsed_min,eval/hns,train/episode_length,eval/dnd_optimistic_rate,_step,train/q_values,time/collect,eval/num_episodes,train/dnd_rehashed,train/dnd_size,eval/episode_length,eval/return_mean,eval/return_max,train/q_loss,train/episode_reward,eval/dnd_top_weight,eval/dnd_nn_dist,eval/value_return_n,train/dnd_blend_rate,eval/return_min,train/epsilon,eval/epsilon,_runtime,_timestamp,time/speed,train/updates,eval/return_std,sys/gpu_mem_peak_gb,train/episodes_completed
,9.086674084886909,0.48479934071656317,,493.75,,6400,45.2257080078125,3.0594558040611446,,3663,407.3333333333333,,,,737.1648559570312,245.0,,,,0.024429967426710098,,0.3606400489807129,,119.876492993,1787662874.9983878,131.72920219269713,100,,2.880894464,8
0.07968859018629347,9.36125558661297,1.1089490179981416,-0.02277139804042563,522.875,0.0,11200,58.943328857421875,3.1206550910137594,5.0,4371,849.7777777777778,402.2,156.0,300.0,3212.486083984375,472.5,0.049555700491631986,0.10685846872705539,2011.0,0.03012912482065997,120.0,0.0010000000474974513,0.004999999888241291,156.996696252,1787662965.593972,128.1855031111486,100,80.49844360351562,2.881191936,8
,9.228660304099321,2.613416844117455,,562.9,,16000,65.88861846923828,3.122661225963384,,9250,1410.3333333333333,,,,2532.32861328125,544.0,,,,0.13414634146341464,,0.0010000000474974513,,255.777519134,1787663002.7142491,129.54079416568123,100,,2.881191936,10
-0.49430776110411967,9.207826707977802,3.235042567481287,-0.015246150836054967,481.72727272727275,0.0,20800,73.67334747314453,3.236456935759634,5.0,12171,1790.4444444444443,425.0,206.0,260.0,2041.9405517578125,513.6363636363636,0.031361259134279354,0.05854584996869751,2125.0,0.44321533923303835,180.0,0.0010000000474974513,0.004999999888241291,292.586555852,1787663101.4952052,128.57308992673092,100,37.14834976196289,2.881191936,11
,8.854400414042175,4.873246796964668,,528.375,,25600,71.49341583251953,3.2436574772000313,,14573,2117.8888888888887,,,,1591.1265869140625,335.0,,,,0.14931237721021612,,0.0010000000474974513,,420.799240782,1787663138.3040729,132.2526321483584,100,,2.881191936,8
0.29932179878801746,9.25103236688301,5.4879712567664685,0.07565883539274265,501.1111111111111,0.0,30400,75.63204193115234,3.2734524849802256,5.0,16954,2469.1111111111113,640.2,810.0,860.0,1690.036376953125,498.8888888888889,0.027867525091052177,0.07223870538842604,3201.0,0.1254980079681275,710.0,0.0010000000474974513,0.004999999888241291,457.803305378,1787663266.5168753,127.74976527373676,100,70.71067810058594,2.881191936,9
,9.07343161990866,7.626859350564579,,610.5,,35200,76.53157806396484,3.095406137406826,,20002,2875.0,,,,2218.34814453125,595.0,,,,0.10459873760144274,,0.0010000000474974513,,569.448679011,1787663303.520633,131.48338665606212,100,,2.881191936,8
0.27106014471100826,9.17795675387606,8.24180041307894,0.01214574898785425,559.875,0.0,40000,78.49715423583984,3.156997219193727,5.0,22467,3262.0,460.6,388.0,450.0,1590.0531005859375,553.75,0.03143548515236225,0.080590432678278,2303.0,0.3879003558718861,360.0,0.0010000000474974513,0.004999999888241291,619.738018932,1787663415.103407,129.7126850649942,100,40.86563491821289,2.881191936,8
,9.162668373901397,10.32577003762902,,495.9375,,46400,77.9448013305664,3.183390075340867,,26534,3797.3333333333335,,,,1445.357177734375,431.875,,,,0.30283505154639173,,0.0010000000474974513,,762.953499191,1787663465.4552445,129.59601694565114,100,,2.881191936,16
0.21362113778125347,9.29424583306536,10.945523716765456,0.08378610237346297,586.8571428571429,0.0,51200,79.20428466796875,3.20959099708125,5.0,27592,4027.3333333333335,682.6,864.0,1260.0,1311.8431396484375,540.0,0.030873195785857736,0.10290644136488353,3413.0,0.5568226504128981,670.0,0.0010000000474974513,0.004999999888241291,799.957744478,1787663608.670585,127.96072291525893,100,275.8260192871094,2.881330176,7
,9.071984150912613,13.329435098551524,,626.0,,56000,78.99440002441406,3.0322032691910863,,29080,4218.444444444444,,,,1066.7569580078125,553.3333333333334,,,,0.0,,0.0010000000474974513,,893.053906679,1787663645.6750903,132.185659761231,100,,2.881676288,3
0.16716384946401888,9.162381069269031,13.948207425201932,-0.01494514094788014,736.75,0.0,60800,80.28488159179688,3.0354768647812307,5.0,31466,4568.222222222223,385.2,208.0,280.0,1113.1551513671875,661.25,0.03002875574853809,0.07646685426400784,1926.0,0.0,190.0,0.0010000000474974513,0.004999999888241291,929.823306929,1787663738.7715034,131.17057180454674,100,40.24922180175781,2.881676288,8
,9.241814610082656,15.493866041031046,,520.5833333333334,,65600,79.25442504882812,3.16728194989264,,34219,5007.777777777777,,,,1192.60107421875,468.3333333333333,,,,0.24082140634723087,,0.0010000000474974513,,1032.777625237,1787663775.540802,128.93767022175427,100,,2.881676288,12
0.6468194001348514,9.132692044135183,16.11002347743294,0.00853363032975633,548.8571428571429,0.0,70400,80.46060180664062,3.287319839000702,5.0,35876,5317.444444444444,503.6,364.0,560.0,1155.1517333984375,610.0,0.028726736444944726,0.08730035742526007,2518.0,0.15325177076625884,300.0,0.0010000000474974513,0.004999999888241291,1069.839554768,1787663878.4933043,128.82435339474262,100,112.60550689697266,2.881676288,7
,9.002449067309499,17.827467894530855,,613.6,,75200,81.43299865722656,3.10440173977986,,38777,5808.777777777777,,,,1010.2232055664062,550.0,,,,0.5343283582089552,,0.0010000000474974513,,1179.071333953,1787663915.5571008,132.1565802283691,100,,2.881676288,10
0.7286944440780999,9.119864453095943,18.439500394098772,0.022982104962148003,475.5,0.0,80000,82.2943344116211,3.049372870940715,5.0,39728,5962.333333333333,495.4,460.0,490.0,1015.8228759765625,496.6666666666667,0.027000780449167094,0.0930767390797299,2477.0,0.0,400.0,0.0010000000474974513,0.004999999888241291,1228.264233492,1787664024.7889135,131.47906950912056,100,42.42640686035156,2.881676288,6
,9.062623728998005,20.46788255791956,,759.8888888888889,,86400,83.89303588867188,3.0943050901405513,,43350,6600.444444444444,,,,977.3633422851562,913.3333333333334,,,,0.1825892857142857,,0.0010000000474974513,,1361.590467966,1787664073.981754,131.61218789741804,100,,2.881676288,9
0.41830514445679173,9.139261490199715,21.081409950686307,0.06843459807654681,884.4,0.0,91200,86.8202133178711,3.1490028840489686,5.0,45280,7041.444444444444,670.2,762.0,990.0,1347.0587158203125,1028.0,0.02872323265907607,0.09241713474183585,3351.0,0.09455958549222798,640.0,0.0010000000474974513,0.004999999888241291,1398.76206375,1787664207.307577,130.2055319832607,100,170.05880737304688,2.881676288,5
,9.121356681920588,23.30950208461533,,674.375,,96000,85.10009765625,3.2320541138760746,,47144,7485.666666666667,,,,1292.7315673828125,660.0,,,,0.08997955010224949,,0.0010000000474974513,,1623.977196365,1787664244.4795895,129.51888562990325,100,,2.881676288,8
0.60339405911139,9.896924223285168,23.967795166031767,0.004620501783483585,639.875,0.0,100800,86.85729217529297,4.2721373261883855,5.0,49303,7787.555555555556,517.0,338.0,340.0,1116.4561767578125,751.25,0.027159883540748987,0.08931176712035543,2585.0,0.06975184439973173,330.0,0.0010000000474974513,0.004999999888241291,1665.256859344,1787664469.6945405,112.92208692956432,100,4.4721360206604,2.881676288,8
