time/speed,train/q_loss,time/step,eval/return_std,_timestamp,eval/epsilon,eval/return_max,eval/dnd_top_weight,train/episode_length,eval/dnd_optimistic_rate,eval/episode_length,train/episodes_completed,time/elapsed_min,eval/value_return_corr,_step,eval/return_min,eval/num_episodes,sys/gpu_mem_peak_gb,time/collect,train/epsilon,train/updates,train/dnd_rehashed,train/episode_reward,eval/return_mean,eval/hns,train/dnd_size,train/q_values,train/dnd_blend_rate,eval/value_return_n,_runtime,eval/dnd_nn_dist
211.41764979969153,364.0090637207031,5.144391185138375,,1787649052.6883447,,,,486.42857142857144,,,7,0.29749561683274806,,6400,,,3.534098944,2.4235673155635595,0.3606400489807129,100,3188,272.85714285714283,,,354.22222222222223,52.78367233276367,0.0182328190743338,,102.924916033,
208.98488756513203,2046.380615234375,4.992485363967717,276.4054870605469,1787649137.2847064,0.004999999888241291,1010.0,0.0284555797292321,538.2222222222222,0.0,579.0,9,0.6824448315349098,-0.15350644873627933,11200,330.0,5.0,3.534375936,2.6635706247761846,0.0010000000474974513,100,7793,340.0,560.0,0.03803259937088933,870.6666666666666,59.51580810546875,0.05870646766169154,2895.0,125.96312653,0.07108701768103716
205.69368930911796,1235.3782958984375,4.966400011908263,,1787649160.322716,,,,552.6666666666666,,,9,2.0914104831637816,,16000,,,3.534375936,2.812156565953046,0.0010000000474974513,100,11820,444.44444444444446,,,1355.888888888889,60.18239212036133,0.25,,239.732334833,
213.69512030481968,1060.840576171875,4.922461848240346,89.44271850585938,1787649274.092031,0.004999999888241291,790.0,0.026985511791658385,660.875,0.0,766.4,8,2.4720407080991813,0.6075656552346809,20800,590.0,5.0,3.534375936,2.564840612001717,0.0010000000474974513,100,15884,600.0,750.0,0.06662853874749786,1849.4444444444443,65.52515411376953,0.10766721044045677,3832.0,262.503833595,0.08664231305210449
216.87599253973272,4182.330078125,5.034447063226253,,1787649296.8635962,,,,585.4444444444445,,,9,4.367090663414759,,25600,,,3.534375936,2.3430407871492207,0.0010000000474974513,100,19436,726.6666666666666,,,2358.8888888888887,71.97538757324219,0.09711779448621553,,334.625888372,
207.05799480109116,2982.05908203125,5.045040077995509,40.24922180175781,1787649368.9827383,0.004999999888241291,490.0,0.028304735069638577,495.22222222222223,0.0,403.4,9,4.749251683716041,0.3701238312865337,30400,400.0,5.0,3.534375936,2.6822635768912733,0.0010000000474974513,100,22131,472.22222222222223,472.0,0.024788164291196964,2716.3333333333335,75.89241790771484,0.16599462365591397,2017.0,357.390149998,0.08192572249725008
207.3302662051258,3742.65234375,4.956055419053882,,1787649391.7497685,,,,446.3333333333333,,,12,5.948529895301908,,35200,,,3.534375936,2.7611005431972444,0.0010000000474974513,100,24900,555.8333333333334,,,3143.5555555555557,78.54591369628906,0.2281095644364616,,447.922081776,
201.96853864129434,2846.400634765625,5.010258266236633,63.087242126464844,1787649482.281506,0.004999999888241291,840.0,0.02799409421340767,609.5,0.0,567.0,8,6.325729398049104,0.3790417947320956,40000,670.0,5.0,3.534375936,2.9117676629684865,0.0010000000474974513,100,28265,643.75,734.0,0.06422045964209924,3572.3333333333335,82.75952911376953,0.27174975562072334,2835.0,478.423123747,0.09221451543548949
208.27719359266962,2775.816162109375,5.056550829205662,,1787649512.782396,,,,647.0,,,9,7.965730951532411,,46400,,,3.534375936,2.625519264023751,0.0010000000474974513,100,31322,1010.0,,,4071.6666666666665,88.3148193359375,0.07187894073139975,,564.631806045,
210.75536138541614,2341.049560546875,4.93727896315977,99.74968719482422,1787649598.9913504,0.004999999888241291,670.0,0.028520837214545642,669.8333333333334,0.0,504.2,6,8.344839454085255,0.6537473556311549,51200,420.0,5.0,3.534375936,2.6544614769518375,0.0010000000474974513,100,33764,583.3333333333334,560.0,0.03803259937088933,4402.666666666667,86.12318420410156,0.37712391214256114,2521.0,587.816866724,0.09388155382180917
216.25323649931252,2152.249755859375,5.032426972873509,,1787649622.1764681,,,,591.625,,,8,9.788965886769196,,56000,,,3.534375936,2.366306224837899,0.0010000000474974513,100,36236,646.25,,,4876.111111111111,88.46360778808594,0.10623556581986143,,684.234932193,
207.03734649709222,2452.264892578125,5.003113706130534,93.91485595703125,1787649718.5945747,0.004999999888241291,810.0,0.028259794130334685,542.5,0.0,596.6,12,10.172522450028918,0.7251892421897762,60800,600.0,5.0,3.534375936,2.7249606102705,0.0010000000474974513,100,39281,603.3333333333334,642.0,0.05037400478605722,5356.111111111111,91.0234375,0.5520477815699659,2983.0,706.749551773,0.11453691639465989
209.41776094017743,5447.3359375,4.972855241037905,,1787649741.1088345,,,,577.5,,,6,11.771180405902365,,65600,,,3.534375936,2.6673754290677607,0.0010000000474974513,100,40865,840.0,,,5644.0,92.36306762695312,0.1349036402569593,,855.827942576,
210.4445335636738,4512.79345703125,5.016301885712892,316.46484375,1787649890.1879086,0.004999999888241291,1470.0,0.027757596803054674,648.8,0.0,1088.2,5,12.152245370500411,0.21617889565540707,70400,760.0,5.0,3.534375936,2.5866515999659896,0.0010000000474974513,100,41041,1508.0,1140.0,0.12532546694158903,5926.555555555556,96.09270477294922,0.08841463414634146,5441.0,879.050304558,0.1398473486422807
208.56544688499363,4511.8955078125,4.947894569020718,,1787649913.4100919,,,,756.25,,,8,14.642863974130401,,75200,,,3.534375936,2.723558319732547,0.0010000000474974513,100,44007,826.25,,,6490.444444444444,95.06513214111328,0.0748829953198128,,967.624226281,
201.66408030054558,4419.0625,5.0029677506536245,96.54014587402344,1787650001.9839442,0.004999999888241291,730.0,0.03301773044002559,718.8571428571429,0.0,564.0,7,15.0308956460484,0.9209594099133667,80000,510.0,5.0,3.534375936,2.9310182998888195,0.0010000000474974513,100,46847,758.5714285714286,668.0,0.05428713333232996,6990.444444444444,93.94927215576172,0.07304062371768567,2820.0,998.254498768,0.1183248453662005
208.24981416092973,3808.748046875,4.948610332328826,,1787650032.614614,,,,702.5,,,8,16.629607443263133,,86400,,,3.534375936,2.7344697532244027,0.0010000000474974513,100,49124,821.25,,,7543.222222222223,95.97127532958984,0.13938315539739027,,1110.138048312,
210.13439652277657,3998.529541015625,5.066641630604863,22.360679626464844,1787650144.4976747,0.004999999888241291,1260.0,0.027494604437122573,696.4444444444445,0.0,773.8,9,17.00585544136508,0.4437010729804816,91200,1210.0,5.0,3.534375936,2.547533042728901,0.0010000000474974513,100,51963,986.6666666666666,1250.0,0.1418810107912045,8003.777777777777,95.62894439697266,0.17714285714285713,3869.0,1133.225945876,0.13584591994984643
206.29029475602366,4045.329833984375,5.138008606620133,,1787650167.5856087,,,,577.25,,,8,18.879119882135033,,96000,,,3.534375936,2.618051860947162,0.0010000000474974513,100,53537,871.25,,,8335.666666666666,98.98402404785156,0.479646017699115,,1259.532048816,
161.7274730868955,3599.4482421875,5.8944973880425096,56.83308792114258,1787650293.8916101,0.004999999888241291,540.0,0.02645640551419141,662.875,0.0,489.2,8,19.295900526751453,0.09950208385485548,100800,380.0,5.0,3.534375936,3.998688781633973,0.0010000000474974513,100,55270,985.0,454.0,0.022079075297623523,8710.888888888889,102.78488159179688,0.42167721518987344,2446.0,1261.391943057,0.13183325535444398
