eval/return_mean,time/step,eval/return_std,eval/value_return_n,_runtime,eval/memory_hit_rate,train/episode_reward,time/speed,train/qec_size,train/q_values,train/episode_length,train/exact_hit_rate,eval/value_return_corr,train/episodes_completed,_step,eval/hns,train/epsilon,sys/gpu_mem_peak_gb,eval/episode_length,eval/return_max,_timestamp,time/collect,time/elapsed_min,eval/exact_hit_rate,eval/exact_minus_knn_value,eval/num_episodes,eval/return_min
,0.11782001284882426,,,314.642151086,,313.3333333333333,113.35823351752585,317.1111111111111,156.2763468424479,534.3333333333334,0.10339506172839506,,6,5120,,0.004999999888241291,0.747778048,,,1787133421.0094676,8.915489418897778,0.4225965652382001,,,,
660.0,0.1179796326905489,0.0,3368.0,350.280998631,0.09022829242544207,391.1111111111111,111.31901354081789,696.5555555555555,258.19566040039064,626.4444444444445,0.4626865671641791,0.9400327319614551,9,10240,0.053083093779630657,0.004999999888241291,0.747854848,673.6,660.0,1787133709.8881834,9.080808314029127,1.2058029713186746,0.09022829242544207,215.6214534630605,5.0,660.0
,0.057243095710873604,,,739.620602802,,432.85714285714283,273.3414670969876,911.8888888888889,284.5752807617188,581.2857142857143,,,7,15360,,0.004999999888241291,0.747854848,,,1787133745.5283465,3.6889868886210024,5.831251123617403,,,,
1450.0,0.06774262664839625,0.0,5372.0,792.336189364,0.06933068586084223,660.0,261.56851775525473,1311.111111111111,339.77503967285156,758.75,0.2905894519131334,0.9519448461758514,8,20480,0.17198199960868715,0.004999999888241291,0.747960832,1074.4,1450.0,1787134134.7867954,3.8471015938557684,6.157854555500672,0.06933068586084223,350.5874636994597,5.0,1450.0
,0.18464900460094213,,,1057.239796272,,632.5,95.98444366516347,1613.7777777777778,365.995556640625,627.5,0.21306818181818182,,8,25600,,0.004999999888241291,0.748118016,,,1787134187.5835118,10.483746423851699,13.198849131454093,,,,
1090.0,0.0751707348972559,0.0,5243.0,1106.150025308,0.11331510797465404,930.0,197.34763108375193,1879.3333333333333,345.2178649902344,855.3333333333334,0.5319426336375489,0.995383493679905,6,30720,0.11780021973721837,0.004999999888241291,0.74818048,1048.6,1090.0,1787134452.4866617,5.113642499782145,14.04556403514774,0.11331510797465404,352.59853702413744,5.0,1090.0
,0.18157987343147397,,,1440.854321204,,814.2857142857143,101.31040301293933,2176.1111111111113,424.9936096191406,797.4285714285714,0.46879150066401065,,7,35840,,0.004999999888241291,0.748210176,,,1787134501.3969195,9.925970482174307,18.429039034418143,,,,
1190.0,0.06987889437004924,0.0,6498.0,1457.662893429,0.13168154303888377,628.3333333333334,255.50514113223898,2407.777777777778,395.7040100097656,682.8333333333334,0.819226750261233,0.9955521137509223,6,40960,0.1328507141459597,0.004999999888241291,0.748308992,1299.6,1190.0,1787134836.1014247,3.9378682509995997,18.837203850969672,0.13168154303888377,277.3057760313669,5.0,1190.0
,0.07111670728772879,,,1779.246141486,,882.0,249.9132052379951,2587.6666666666665,422.29071044921875,817.2,0.5934314835787089,,5,45056,,0.004999999888241291,0.74836992,,,1787134852.9101148,4.026305831968784,24.28760917511924,,,,
1190.0,0.07277919771149755,0.0,4047.0,1799.793089717,0.13947231145155534,1020.0,250.23962284931088,2822.3333333333335,451.8137512207031,855.1666666666666,0.6437728937728938,0.999194598806619,6,50176,0.1328507141459597,0.004999999888241291,0.748608512,809.4,1190.0,1787135174.4932926,4.019298580940813,24.631622714331993,0.13947231145155534,430.7745476167082,5.0,1190.0
,0.07676846999675035,,,2157.235355194,,968.3333333333334,240.83079738223117,3060.5555555555557,497.93821411132814,837.1666666666666,0.5238359201773836,,6,55296,,0.004999999888241291,0.748608512,,,1787135195.039678,4.175179416779429,29.98977295018267,,,,
1910.0,0.057693207170814276,0.0,5303.0,2177.815734882,0.1551951725438431,1380.0,240.63347312787297,3214.222222222222,783.7661499023437,994.6,,0.9902381472973151,5,60416,0.24121427388889724,0.004999999888241291,0.74877696,1060.6,1910.0,1787135552.4822087,4.197741361800581,30.332450264467237,0.1551951725438431,611.7128106780425,5.0,1910.0
,0.07575875474140048,,,2489.362506321,,1880.0,244.79443698357767,3386.4444444444443,1197.6845092773438,1053.4,0.862910008410429,,5,65536,,0.004999999888241291,0.74877696,,,1787135573.0628216,4.107342841103673,36.29016891138163,,,,
2720.0,0.17387614492326975,0.0,5862.0,2510.412633688,0.14756055953599453,1556.0,113.91299008162666,3603.5555555555557,1545.7155517578126,944.2,,0.993394327595329,5,70656,0.36312327859970195,0.004999999888241291,0.74877696,1172.4,2720.0,1787135884.6059659,8.81544104591012,36.808843561603375,0.14756055953599453,1033.318203009998,5.0,2720.0
,0.06597079196944833,,,2786.140688916,,1756.6666666666667,244.45587610067864,3781.3333333333335,1520.18310546875,931.0,0.8274111675126904,,6,75776,,0.004999999888241291,0.748788224,,,1787135905.6598935,4.122924219816923,41.83345714847091,,,,
2710.0,0.1832404676824808,0.0,6080.0,2820.941874655,0.15482456140350878,2046.0,112.5263188237066,3939.4444444444443,1447.061083984375,1024.4,0.6746361746361746,0.9980667285252282,5,80896,0.36161822915882785,0.004999999888241291,0.748788224,1216.0,2710.0,1787136181.3879008,8.916852832306176,42.56200935310529,0.15482456140350878,1004.9906139960647,5.0,2710.0
,0.1970225442200899,,,3073.924164267,,1423.3333333333333,103.34842002683442,4168.888888888889,1312.4349853515625,908.1666666666666,0.6848137535816619,,6,86016,,0.004999999888241291,0.748956672,,,1787136216.1886868,9.711208270862699,47.00892351555328,,,,
2760.0,0.13025080412626266,0.0,5887.0,3108.730348197,0.16203310495819415,982.0,111.1361594067037,4378.444444444444,1480.6574096679688,855.2,0.39037433155080214,0.9940104075279592,5,90112,0.3691434763631985,0.004999999888241291,0.748956672,1177.4,2760.0,1787136469.171376,9.08367205830291,47.61596944718622,0.16203310495819415,998.5412117867384,5.0,2760.0
,0.18277023686096072,,,3394.427095049,,1098.0,110.29570448271876,4568.333333333333,1494.7624145507812,919.6,0.8627659574468085,,5,95232,,0.004999999888241291,0.749092352,,,1787136503.9772894,9.10136285610497,51.80537297421446,,,,
2730.0,0.10069940285757184,0.0,5638.0,3395.163837232,0.16680461944740058,1678.0,90.4043334046491,4685.777777777777,1505.4177490234374,958.4,,0.998779446263203,5,100352,0.3646283280405761,0.004999999888241291,0.749092352,1127.6,2730.0,1787136789.6737673,11.22619126085192,52.64754962528435,0.16680461944740058,1014.7909579162801,5.0,2730.0
