time/speed,train/q_values,eval/return_min,eval/return_std,_step,_timestamp,train/updates,time/step,_runtime,eval/dnd_top_weight,eval/return_mean,train/dnd_rehashed,train/episode_length,eval/epsilon,time/collect,train/epsilon,train/episode_reward,eval/dnd_nn_dist,eval/dnd_optimistic_rate,eval/return_max,eval/episode_length,train/dnd_size,train/episodes_completed,train/dnd_blend_rate,train/q_loss
300.85402354407637,0.0,,,6400,1787025298.9727242,,3.3335939622484148,418.189786186,,,,484.0,,1.9845998287200928,0.8721280097961426,242.5,,,,,395.0,8,0.0,
341.144806401935,0.0,600.0,4.4721360206604,11200,1787025907.0845447,,3.177148364018649,707.808957972,0.031167287480908575,602.0,,472.9166666666667,0.004999999888241291,1.51294209016487,0.7762240171432495,237.5,0.06886397036714129,0.0,610.0,618.4,954.4444444444445,12,0.12746858168761221,
53.87001298542443,41.90583801269531,,,16000,1787025986.2952397,100.0,20.586438006255776,909.088766255,,,10072.0,457.3,,9.114687189925462,0.6803200244903564,244.0,,,,,1428.111111111111,10,0.0365296803652968,389.0520935058594
55.444854212546296,43.17148208618164,340.0,196.26512145996094,20800,1787026187.5753448,100.0,19.33785443427041,991.989342092,0.029227641474608008,492.0,10949.0,470.1111111111111,0.004999999888241291,9.519647722132504,0.5844160318374634,261.1111111111111,0.14301706422151464,0.0,820.0,611.6,1880.2222222222222,9,0.0535279805352798,410.6173400878906
54.52792133365513,48.08978271484375,,,25600,1787026270.4749875,100.0,20.99395407177508,1194.751383019,,,15235.0,533.7,,8.348811265081167,0.4885120391845703,483.0,,,,,2451.4444444444443,10,0.056813138038171326,4046.99365234375
52.120278213056615,50.25401306152344,140.0,26.832815170288086,30400,1787026473.2373934,100.0,20.826525288634002,1272.903095106,0.028062110781695813,152.0,13380.0,514.125,0.004999999888241291,9.871699180919677,0.39260804653167725,541.25,0.19171952624231242,0.0,200.0,429.8,2888.777777777778,8,0.04086021505376344,3675.7236328125
62.64658836787791,56.69049835205078,,,35200,1787026551.390025,100.0,19.022793421987444,1565.586781009,,,19596.0,593.1,,6.51730447774753,0.2967040538787842,530.0,,,,,3516.222222222222,10,0.05919439579684763,2745.93310546875
51.635598251784614,57.31816101074219,420.0,26.07680892944336,40000,1787026844.0742126,100.0,21.174871385097504,1672.793192875,0.035893471663502555,436.0,22449.0,519.8888888888889,0.004999999888241291,9.811503406148404,0.2008000612258911,386.6666666666667,0.1424823650945158,0.0,480.0,460.4,4002.4444444444443,9,0.07177764202810018,2577.15869140625
61.99436671401121,59.80471420288086,,,46400,1787026951.2808669,100.0,18.98740541981533,1952.69945258,,,27471.0,493.3076923076923,,6.821391166187823,0.07292807102203369,404.61538461538464,,,,,4654.555555555556,13,0.1017167381974249,2714.35107421875
60.67238142961607,62.14707946777344,280.0,26.07680892944336,51200,1787027231.1827588,100.0,21.356577054131776,2029.463333857,0.027949709909633375,324.0,29841.0,540.0,0.004999999888241291,5.0145651740022,0.0010000000474974513,530.0,0.15372347339984638,0.0,340.0,743.8,5143.666666666667,9,0.0764609503003823,1757.3931884765625
59.96030006400586,61.63605499267578,,,56000,1787027307.9481444,100.0,20.06613474804908,2210.679042291,,,30954.0,589.8,,6.618188017047942,0.0010000000474974513,332.0,,,,,5413.666666666667,5,0.0851063829787234,1708.1146240234375
63.476290311537426,63.409183502197266,410.0,108.39741516113281,60800,1787027489.1073012,100.0,18.672055352013558,2290.57985357,0.05215919733083256,470.0,33389.0,598.75,0.004999999888241291,6.534206578973681,0.0010000000474974513,283.75,0.23993664772015968,0.0,660.0,518.4,5803.555555555556,8,0.10571923743500866,2270.45166015625
60.24443610564043,63.79608154296875,,,65600,1787027569.067377,100.0,20.40463373810053,2487.800407723,,,35910.0,613.375,,6.1538354489021,0.0010000000474974513,473.75,,,,,6206.555555555556,8,0.0719002201027146,1699.6458740234375
59.91200000507993,67.62545013427734,330.0,79.8122787475586,70400,1787027766.2877336,100.0,20.08453613007441,2581.712518306,0.030030814691514387,392.0,38631.0,598.25,0.004999999888241291,6.621299092657864,0.0010000000474974513,610.0,0.145515800586103,0.0,510.0,568.6,6672.444444444444,8,0.0,2582.037109375
54.393108823148985,68.79976654052734,,,75200,1787027860.1972468,100.0,19.386273902840912,2738.069731931,,,41429.0,571.4,,10.029217041097581,0.0010000000474974513,495.0,,,,,7130.0,10,0.31335436382754994,3059.881591796875
59.60012707836035,68.69754791259766,310.0,332.8963928222656,80000,1787028016.5549722,100.0,18.249377307016402,2843.613750295,0.029258250160469894,552.0,42790.0,742.1428571428571,0.004999999888241291,8.596203037071973,0.0010000000474974513,830.0,0.1794140832550753,0.0,1120.0,512.6,7542.888888888889,7,0.2383073496659243,3194.724609375
61.51985383966023,70.7939224243164,,,86400,1787028122.097979,100.0,19.108748449012637,2975.367356061,,,45393.0,557.2,,6.899115681648254,0.0010000000474974513,543.0,,,,,7969.666666666667,10,0.09591474245115453,2378.026611328125
60.081682816485355,72.12775421142578,300.0,76.02631378173828,91200,1787028253.8544261,100.0,17.951844422146678,3055.174776371,0.030207733872512518,334.0,47709.0,563.7777777777778,0.004999999888241291,8.678568126168102,0.0010000000474974513,646.6666666666666,0.15851145246322604,0.0,470.0,391.0,8408.111111111111,9,0.13359528487229863,2673.923095703125
62.243611181914616,72.96549224853516,,,96000,1787028333.6625702,100.0,19.764635332860053,3408.079891972,,,48812.0,539.3,,5.940814103931189,0.0010000000474974513,500.0,,,,,8930.111111111111,10,0.15976331360946747,1942.6943359375
50.93811122723392,71.59561157226562,470.0,33.61547088623047,100800,1787028686.5164132,100.0,20.735490086954087,3415.804564288,0.028961446089678673,516.0,51396.0,559.8888888888889,0.004999999888241291,10.675175943877548,0.0010000000474974513,530.0,0.15891576500058197,0.0,540.0,601.0,9359.555555555555,9,0.0713276836158192,2005.4549560546875
