time/step,eval/return_min,eval/dnd_top_weight,train/updates,eval/return_max,train/dnd_size,_runtime,train/dnd_rehashed,train/q_loss,train/q_values,_timestamp,eval/epsilon,train/episode_reward,time/speed,train/epsilon,eval/dnd_nn_dist,eval/episode_length,_step,train/episode_length,train/dnd_blend_rate,time/collect,eval/return_std,eval/return_mean,eval/dnd_optimistic_rate,train/episodes_completed
2.2978577939793468,,,,,800.6666666666666,109.105952145,,,0.0,1787028745.6714427,,176.5625,333.60857410204426,0.8721280097961426,,,6400,317.1875,0.0573408947700063,2.498182008974254,,,,16
3.4683239730075,300.0,0.033775303450042066,,300.0,1525.6666666666667,205.876129913,,,0.0,1787028831.2039273,0.004999999888241291,190.0,268.8457766998083,0.7762240171432495,0.05009481997485561,473.8,11200,329.3333333333333,0.16412712233347845,2.483043460175395,0.0,300.0,0.0,15
23.216780140064657,,,100.0,,2208.5,428.070225382,5280.0,3253.220458984375,35.528343200683594,1787028927.974712,,142.85714285714286,44.80065729888639,0.6803200244903564,,,16000,319.7857142857143,0.006704980842911878,12.496981587260962,,,,14
23.21505912207067,200.0,0.035675974842865256,100.0,200.0,3003.5,485.503050873,6830.0,2609.3046875,39.17599868774414,1787029150.1686432,0.004999999888241291,191.07142857142858,44.92930453718078,0.5844160318374634,0.18910307648909724,343.8,20800,344.5,0.001463057790782736,12.396442468743771,0.0,200.0,0.0,14
15.771217038854957,,,100.0,,3802.5,636.013830939,9127.0,1897.8824462890625,34.18128204345703,1787029207.601016,,185.71428571428572,75.28379954118549,0.4885120391845703,,,25600,345.64285714285717,0.012082853855005753,5.4816954038105905,,,,14
18.317210795357823,150.0,0.029833708614762696,100.0,150.0,4609.666666666667,710.259492768,10877.0,1858.12255859375,37.33089828491211,1787029358.1109173,0.004999999888241291,169.64285714285714,57.30979145819973,0.39260804653167725,0.19897323584903098,245.4,30400,351.7857142857143,0.0224791265253693,9.601229654159397,0.0,150.0,0.0,14
18.546163285151124,,,100.0,,5334.166666666667,940.186369751,16704.0,2405.1103515625,37.67581558227539,1787029432.3561735,,185.71428571428572,63.35886611638933,0.2967040538787842,,,35200,319.5,0.02364864864864865,6.7068138918839395,,,,14
18.1516024582088,450.0,0.030270061746493146,100.0,700.0,6124.333333333333,1043.084242402,19156.0,2433.293701171875,42.22266387939453,1787029662.2845085,0.004999999888241291,376.9230769230769,64.65010886737787,0.2008000612258911,0.18088095572056503,493.8,40000,368.9230769230769,0.01448225923244026,6.597002424765378,109.54450988769531,520.0,0.0,13
20.466495067812502,,,100.0,,7198.5,1264.670451799,22969.0,1856.119384765625,41.71355438232422,1787029765.1823063,,261.8421052631579,62.067666786335444,0.07292807102203369,,,46400,350.89473684210526,0.023796347537354733,5.3118220954202116,,,,19
18.944104122929275,250.0,0.030631808325021645,100.0,500.0,7961.166666666667,1348.41307523,25390.0,2148.09912109375,43.97843551635742,1787029986.7686906,0.004999999888241291,309.61538461538464,62.70454755647111,0.0010000000474974513,0.1857324687545526,429.6,51200,362.61538461538464,0.04022627278441232,6.572386504150927,109.54450988769531,445.0,0.0,13
17.532213516999036,,,100.0,,8728.333333333334,1512.70050522,29387.0,2826.65625,45.14640426635742,1787030070.5112875,,428.84615384615387,57.74088475725044,0.0010000000474974513,,,56000,416.84615384615387,0.24891702765744753,10.177787926979363,,,,13
18.21955117583275,300.0,0.032859116009703274,100.0,375.0,9262.0,1595.48309856,31675.0,2526.750732421875,46.66272735595703,1787030234.7981288,0.004999999888241291,546.875,64.03487313562805,0.0010000000474974513,0.19284388944277203,627.8,60800,452.5,0.05392579810181191,6.7668339242227376,27.386127471923828,345.0,0.0,8
18.401300602126867,,,100.0,,9703.666666666666,1738.595703997,32905.0,2613.35205078125,48.77531051635742,1787030317.5814886,,447.5,57.56127069553674,0.0010000000474974513,,,65600,503.3,0.4835924006908463,9.395167069043964,,,,10
17.952723732683808,600.0,0.03250349320908173,100.0,600.0,10405.166666666666,1813.305770521,34709.0,2848.968017578125,51.73897171020508,1787030460.693515,0.004999999888241291,487.5,65.11635571133387,0.0010000000474974513,0.1786669928883445,454.2,70400,418.64285714285717,0.45536413469068127,6.618675918318331,0.0,600.0,0.0,14
17.578269910998642,,,100.0,,10719.5,2063.49653897,33775.0,2535.658447265625,51.84303665161133,1787030535.4031549,,570.0,66.40605549609317,0.0010000000474974513,,,75200,396.5,0.4007832898172324,6.515918307937682,,,,10
17.92377673787996,650.0,0.032536817093105054,100.0,650.0,11079.5,2166.191793499,35050.0,2452.662353515625,54.50251007080078,1787030785.5895143,0.004999999888241291,585.4166666666666,57.09419981628201,0.0010000000474974513,0.18094321097763144,424.4,80000,381.8333333333333,0.4946236559139785,10.100085671059787,0.0,650.0,0.0,12
19.047068529296666,,,100.0,,11823.333333333334,2366.199527316,39188.0,2549.015625,57.40226364135742,1787030888.287832,,644.6428571428571,63.61941425022899,0.0010000000474974513,,,86400,463.85714285714283,0.3388101983002833,6.102487134747207,,,,14
20.24078063899651,600.0,0.03195080593270509,100.0,650.0,12367.333333333334,2447.693878021,40149.0,2448.026123046875,58.00204086303711,1787031088.2956293,0.004999999888241291,412.5,60.70978949737731,0.0010000000474974513,0.1861763618665084,447.6,91200,468.375,0.004975124378109453,6.1141122579574585,22.360679626464844,635.0,0.0,8
20.003185481764376,,,100.0,,13134.833333333334,2734.591865963,42293.0,2148.271728515625,59.086830139160156,1787031169.7922785,,643.1818181818181,61.47902412990001,0.0010000000474974513,,,96000,523.6363636363636,0.1028349082823791,6.021951101720333,,,,11
17.86545372987166,1100.0,0.03040052080616872,100.0,1125.0,13696.166666666666,2743.004210326,42973.0,2101.64111328125,64.03681945800781,1787031456.690158,0.004999999888241291,588.6363636363636,61.60918383231715,0.0010000000474974513,0.21024976356753927,549.6,100800,414.0,0.007471980074719801,8.1047004009597,11.180339813232422,1120.0,0.0,11
