time/step,eval/dnd_optimistic_rate,eval/return_max,time/speed,eval/return_min,eval/epsilon,train/updates,eval/dnd_top_weight,train/q_loss,train/dnd_size,eval/episode_length,_timestamp,_step,_runtime,train/q_values,train/dnd_rehashed,train/dnd_blend_rate,time/collect,train/epsilon,eval/dnd_nn_dist,train/episode_length,eval/return_std,eval/return_mean,train/episode_reward,train/episodes_completed
4.481380485929549,,,222.13848085964162,,,,,,387.8888888888889,,1787029186.7942967,6400,177.353832376,0.0,,0.09567901234567901,2.721333757042885,0.8721280097961426,,473.875,,,232.5,8
4.798613059334457,0.0,350.0,213.9547554367819,270.0,0.004999999888241291,,0.036492350706237194,,947.2222222222222,461.4,1787029338.6924775,11200,265.888087196,0.0,,0.1310592459605027,2.679603523109108,0.7762240171432495,0.08061844911341137,472.9166666666667,40.37325668334961,314.0,237.5,12
26.020827325992286,,,47.435147160928445,,,100.0,,333.95477294921875,1392.2222222222222,,1787029427.2268503,16000,509.629973177,41.70338821411133,12219.0,0.0361958836053939,7.709435902070254,0.6803200244903564,,477.1111111111111,,,241.11111111111111,9
22.111000755801797,0.0,420.0,53.596794847380195,350.0,0.004999999888241291,100.0,0.028774575694362755,316.7986145019531,1923.5555555555557,416.2,1787029670.9688315,20800,608.333189163,40.947818756103516,16615.0,0.03829787234042553,7.7415306232869625,0.5844160318374634,0.10770351535188795,457.90909090909093,30.495901107788086,366.0,224.54545454545453,11
26.34059563372284,,,49.98359995049147,,,100.0,,384.29327392578125,2428.777777777778,,1787029769.672012,25600,902.259151966,42.23369598388672,20717.0,0.052090975788701394,5.669903841800988,0.4885120391845703,,476.0,,,242.0,10
18.360322067979723,0.0,480.0,66.39463787363148,280.0,0.004999999888241291,100.0,0.028874474317355306,357.6561584472656,2899.0,621.0,1787030063.5972695,30400,997.886458548,43.15058135986328,23814.0,0.06567164179104477,5.738009532913566,0.39260804653167725,0.1248019038035194,493.22222222222223,82.94576263427734,396.0,302.22222222222223,9
23.028636137023568,,,52.217809441531784,,,100.0,,471.41217041015625,3435.0,,1787030159.2251067,35200,1184.628149763,44.40716552734375,28084.0,0.061415846225972806,7.612250891979784,0.2967040538787842,,513.9,,,352.0,10
20.49013267084956,0.0,390.0,60.20106175185437,270.0,0.004999999888241291,100.0,0.02980127499561023,1094.025146484375,3804.3333333333335,479.8,1787030345.9667797,40000,1297.177305527,47.21517562866211,30513.0,0.06378132118451026,6.087471667677164,0.2008000612258911,0.12620343341798848,507.0,53.66563034057617,294.0,374.2857142857143,7
19.972417179029435,,,62.186976084311155,,,100.0,,2326.5234375,4506.555555555556,,1787030458.516224,46400,1640.462282663,52.0471076965332,34212.0,0.09739368998628258,5.756442796904594,0.07292807102203369,,613.4545454545455,,,803.6363636363636,11
26.17004702333361,0.0,760.0,47.212277359509216,540.0,0.004999999888241291,100.0,0.027258648685920834,1966.2879638671875,5057.888888888889,735.8,1787030801.800623,51200,1738.983092172,55.69940185546875,37227.0,0.08871794871794872,7.71944294590503,0.0010000000474974513,0.17193156033947865,667.75,94.86833190917969,660.0,610.0,8
26.063337205909193,,,48.605814904453126,,,100.0,,2172.656982421875,5517.888888888889,,1787030900.3219767,56000,1978.452345359,59.59688949584961,40265.0,0.3559556786703601,6.8545349282212555,0.0010000000474974513,,548.7777777777778,,,503.3333333333333,9
19.620681570842862,0.0,690.0,62.72669514644918,390.0,0.004999999888241291,100.0,0.029498989697625207,3008.2255859375,5882.555555555556,495.0,1787031139.7901351,60800,2076.98167897,64.10462951660156,41162.0,0.08320950965824665,5.886799674015492,0.0010000000474974513,0.14803253801817579,641.1666666666666,134.16407775878906,450.0,525.0,6
25.52834043232724,,,48.09653876861631,,,100.0,,2711.91357421875,6528.555555555556,,1787031238.3207371,65600,2406.430605373,65.76180267333984,45805.0,0.1145,7.738086652942002,0.0010000000474974513,,651.7,,,689.0,10
23.89724169811234,0.0,940.0,48.45936764108894,840.0,0.004999999888241291,100.0,0.030831316077016543,2336.882568359375,6896.888888888889,763.0,1787031567.7694368,70400,2486.058590002,65.19313049316406,47507.0,0.29116179615110477,9.120110320392996,0.0010000000474974513,0.22734918786641098,536.7777777777778,43.817806243896484,862.0,520.0,9
20.123437955975533,,,59.920553818070395,,,100.0,,4217.1796875,7166.333333333333,,1787031647.3971162,75200,2781.552649004,72.89358520507812,47373.0,0.5393393393393393,6.578584940172732,0.0010000000474974513,,564.5714285714286,,,887.1428571428571,7
26.15326535794884,0.0,4400.0,47.047043121718076,4090.0,0.004999999888241291,100.0,0.027302133735792072,4852.85791015625,7591.0,818.4,1787031942.891318,80000,2912.128804509,78.90350341796875,50341.0,0.2018348623853211,7.855248117819428,0.0010000000474974513,0.21841221681032405,563.25,126.41202545166016,4176.0,930.0,8
26.37441476294771,,,50.49154036212209,,,100.0,,9925.0224609375,8206.666666666666,,1787032073.467622,86400,3108.059757176,90.06575775146484,52683.0,0.10915254237288136,5.314061930868775,0.0010000000474974513,,754.125,,,1998.75,8
25.587850754149258,0.0,1100.0,50.28974949448178,640.0,0.004999999888241291,100.0,0.026892456142965593,9707.787109375,8795.222222222223,550.0,1787032269.398536,91200,3197.839514579,94.79228973388672,53520.0,0.1265474552957359,6.227777998894453,0.0010000000474974513,0.27909987592907864,736.5,201.99009704589844,770.0,1592.5,8
24.245379714295268,,,52.500546091430344,,,100.0,,10958.6162109375,9089.666666666666,,1787032359.1785493,96000,3716.341344301,99.59204864501953,55015.0,0.13176265270506107,6.230493759736419,0.0010000000474974513,,605.8,,,950.0,5
26.33410343201831,0.0,4650.0,44.991888439774705,3550.0,0.004999999888241291,100.0,0.027207437772545476,7847.75732421875,9657.666666666666,919.8,1787032877.6789842,100800,3718.766374334,101.23804473876953,55947.0,0.06085455330168321,9.227862413041294,0.0010000000474974513,0.2987976025221431,794.1428571428571,491.9349670410156,4430.0,1615.7142857142858,7
