eval/episode_length,train/q_loss,eval/value_return_corr,eval/return_mean,_timestamp,eval/dnd_nn_dist,eval/dnd_optimistic_rate,train/episodes_completed,train/dnd_blend_rate,eval/hns,time/collect,eval/return_max,train/episode_length,eval/epsilon,eval/dnd_top_weight,eval/num_episodes,time/speed,sys/gpu_mem_peak_gb,train/dnd_size,time/elapsed_min,_step,time/step,train/epsilon,_runtime,eval/value_return_n,eval/return_std,train/episode_reward,train/q_values,eval/return_min,train/updates,train/dnd_rehashed
,546.312744140625,,,1787669782.8571434,,,6.0,0.0,,2.795592301990837,,448.6666666666667,,,,136.27380293950483,4.475774464,278.1111111111111,0.45030259346434226,6400,8.945475793909281,0.3606400489807129,135.046117676,,,256.6666666666667,53.229618072509766,,100,2503
517.0,1707.2259521484375,-0.11851965396958469,270.0,1787669890.6963124,0.05108973060972955,0.0,9.0,0.0945945945945946,-0.005613834414460517,3.1006955644115806,430.0,607.3333333333334,0.004999999888241291,0.02831382368095403,5.0,130.8262232037886,4.475969536,859.4444444444445,1.0711689285157868,11200,9.129268435295671,0.0010000000474974513,172.235844225,2585.0,89.44271850585938,453.3333333333333,63.17429733276367,230.0,100,7513
,1233.9583740234375,,,1787669927.8859856,,,10.0,0.16812227074235808,,3.329097363166511,,558.5,,,,128.68749543979177,4.475969536,1412.111111111111,2.8674553295830263,16000,9.104123087134212,0.0010000000474974513,265.517112502,,,447.0,64.41276550292969,,100,12023
419.6,922.7573852539062,0.1266523705555675,316.0,1787670021.1670487,0.05657188722601591,0.0,11.0,0.28878153515834676,0.0013093930135604937,3.2237442671321332,380.0,523.4545454545455,0.004999999888241291,0.026403279964402816,5.0,127.85164845487346,4.475969536,1862.0,3.487313273564602,20800,9.290759998839349,0.0010000000474974513,303.126760255,2098.0,87.63561248779297,374.54545454545456,66.09387969970703,220.0,100,15253
,1064.775634765625,,,1787670058.776882,,,8.0,0.29004037685060563,,3.320176274050027,,504.375,,,,127.63497419379159,4.475969536,2214.222222222222,5.048961441630187,25600,9.215572725050151,0.0010000000474974513,392.53777432,,,378.75,68.05020141601562,,100,17837
374.0,1341.139404296875,-0.036282715261452686,374.0,1787670148.1878123,0.0817255419151624,0.0,6.0,0.07213578500707214,0.010038679770630464,3.634075414389372,430.0,574.8333333333334,0.004999999888241291,0.026880115075053484,5.0,124.19935683959172,4.475969536,2524.5555555555557,5.671771779314925,30400,9.248438961803913,0.0010000000474974513,430.711411519,1870.0,31.30495262145996,481.6666666666667,73.3780517578125,360.0,100,19738
,1154.92236328125,,,1787670186.3614306,,,10.0,0.06981981981981981,,3.3769453088752925,,596.8,,,,125.20919215590753,4.475969536,3078.222222222222,7.175367072899826,35200,9.401669203769416,0.0010000000474974513,533.139812082,,,676.0,78.06095886230469,,100,23930
494.8,1569.32373046875,0.08772211481122252,390.0,1787670288.789613,0.09392313085339825,0.0,6.0,0.058898847631242,0.012446758876029076,3.0894015822559595,430.0,593.6666666666666,0.004999999888241291,0.02621640195981569,5.0,127.84222231547656,4.475969536,3399.6666666666665,7.803891413495876,40000,9.426025410648435,0.0010000000474974513,583.380973542,2474.0,54.772254943847656,813.3333333333334,82.30345153808594,330.0,100,25826
,1980.9666748046875,,,1787670339.0309532,,,11.0,0.2796478508544795,,3.249289286788553,,671.4545454545455,,,,127.03052483604472,4.47599104,4070.0,9.719862650249464,46400,9.346108567900956,0.0010000000474974513,729.944077559,,,761.8181818181819,84.68704223632812,,100,30064
767.2,1630.6285400390625,0.5555718369326571,854.0,1787670485.5941086,0.0878289923007766,0.0,12.0,0.21867881548974943,0.08228105293258885,3.758232838008553,910.0,548.0833333333334,0.004999999888241291,0.03017837315936571,5.0,120.42206810486024,4.47599104,4645.333333333333,10.362834578868933,51200,9.528368406929076,0.0010000000474974513,767.407832318,3836.0,125.21981048583984,538.3333333333334,86.22499084472656,630.0,100,32986
,1583.692138671875,,,1787670523.054046,,,,0.0,,3.202079425100237,,,,,,127.4045254965248,4.476521472,4645.333333333333,12.786912110533255,56000,9.356344176921993,0.0010000000474974513,903.223316395,,,,84.40113067626953,,100,33240
709.4,1700.529296875,0.7109301043193283,492.0,1787670658.8723686,0.08620925828354957,0.0,10.0,0.5419615773508595,0.027798263172945228,3.189694982022047,620.0,766.6,0.004999999888241291,0.031726345853818255,5.0,126.97024349302147,4.476521472,5117.444444444444,13.421593141183257,60800,9.41168275801465,0.0010000000474974513,940.403505521,3547.0,74.63243103027344,646.0,86.40638732910156,440.0,100,35557
,1577.7569580078125,,,1787670696.0536313,,,8.0,0.30145631067961165,,3.242489956319332,,674.375,,,,128.17475829252234,4.476521472,5597.777777777777,15.670245833035247,65600,9.240467072930187,0.0010000000474974513,1070.22333328,,,683.75,85.4237289428711,,100,38413
711.8,1487.6671142578125,0.37327445492004147,990.0,1787670825.8733177,0.10125660285020337,0.0,10.0,0.3587640142193054,0.10274972532847705,3.2313998020254076,1430.0,560.0,0.004999999888241291,0.02760882541684524,5.0,126.80553763603832,4.476521472,5945.222222222223,16.298026758634176,70400,9.386345683131367,0.0010000000474974513,1107.990629657,3559.0,384.4476623535156,423.0,84.45731353759766,370.0,100,40232
,1958.5794677734375,,,1787670863.6401548,,,7.0,0.6829992576095026,,3.8906295001506805,,610.7142857142857,,,,121.46063731254753,4.476521472,6206.444444444444,18.463354524302606,75200,9.282362469937652,0.0010000000474974513,1270.419938477,,,622.8571428571429,87.76070404052734,,100,41480
944.6,2040.287109375,0.513935748859647,968.0,1787671026.070177,0.13792031332965263,0.0,6.0,0.2433257055682685,0.09943861655855395,3.113848425913602,1050.0,552.3333333333334,0.004999999888241291,0.026531686062302128,5.0,128.56160678649306,4.476521472,6522.444444444444,19.084796998145368,80000,9.331546742934734,0.0010000000474974513,1320.092601462,4723.0,117.5584945678711,698.3333333333334,89.33751678466797,760.0,100,42869
,1865.5621337890625,,,1787671075.742072,,,9.0,0.3350183823529412,,3.2487896126694977,,724.6666666666666,,,,129.3123553246111,4.476521472,7050.666666666667,21.99838340775265,86400,9.124351345002651,0.0010000000474974513,1453.130429056,,,1245.5555555555557,90.70584869384766,,100,46293
759.0,2096.482421875,0.3801578871169129,1670.0,1787671208.7805488,0.12831370997249583,0.0,8.0,0.2886100386100386,0.20509308730791806,3.4930205019190907,1710.0,675.625,0.004999999888241291,0.02756964950071755,5.0,123.68349513393363,4.476521472,7546.888888888889,22.638687880919313,91200,9.443224534392357,0.0010000000474974513,1491.304929494,3795.0,22.360679626464844,603.75,93.22814178466797,1660.0,100,48113
,2390.81689453125,,,1787671246.954407,,,6.0,0.07504363001745201,,3.2357953060418367,,708.3333333333334,,,,126.36319842656513,4.476521472,7902.555555555556,24.851913545498004,96000,9.426119079813361,0.0010000000474974513,1737.337596497,,,1026.6666666666667,96.61109924316406,,100,49610
902.6,2038.953857421875,0.8316551070014541,1366.0,1787671492.9875987,0.13174986998763677,0.0,5.0,0.08950800237107291,0.15933958430534442,4.412968068849295,1410.0,830.4,0.004999999888241291,0.025810449725319116,5.0,114.60270872568188,4.476521472,8326.0,25.505118437080334,100800,9.548307522200048,0.0010000000474974513,1745.287840046,4513.0,26.07680892944336,1164.0,99.5262222290039,1350.0,100,51442
