train/episodes_completed,train/dnd_rehashed,time/speed,train/q_loss,eval/episode_length,eval/dnd_optimistic_rate,time/step,eval/epsilon,eval/dnd_nn_dist,time/collect,train/dnd_size,train/episode_length,eval/return_std,train/dnd_blend_rate,train/updates,_step,eval/return_min,eval/dnd_top_weight,eval/return_max,_runtime,eval/return_mean,_timestamp,train/q_values,train/episode_reward,train/epsilon
12,,482.65493103336337,,,,1.629613037686795,,,1.6853846907615662,274.6111111111111,412.4166666666667,,0.0019071837253655435,,6400,,,,48.128710686,,1787046474.3237946,0.0,88.33333333333333,0.8721280097961426
12,,567.5500816517609,,363.8,0.0,1.4049190082587302,0.004999999888241291,0.061661708393206796,1.4142154641449451,530.4444444444445,385.6666666666667,31.14482307434082,0.0,,11200,30.0,0.04210274274067928,100.0,91.468904535,68.0,1787046510.3086326,0.0,67.5,0.7762240171432495
15,14733.0,102.72676756791694,100.04354095458984,,,11.41984995920211,,,4.1554478709585965,839.6111111111111,372.73333333333335,,0.0,100.0,16000,,,,166.443920093,,1787046553.6485229,14.258994102478027,65.33333333333333,0.6803200244903564
8,16283.0,105.8561494961939,79.85411834716797,404.2,0.0,11.339565915986896,0.004999999888241291,0.08190658795302475,3.7752857729792595,1009.2777777777778,383.0,20.736440658569336,0.0,100.0,20800,60.0,0.03087536973028882,110.0,212.952327218,84.0,1787046628.6237383,14.940155029296875,85.0,0.5844160318374634
13,21460.0,104.4741020565301,88.29833984375,,,11.523401071783155,,,3.7913991371169686,1317.388888888889,426.7692307692308,,0.0005252100840336134,100.0,25600,,,,287.394312519,,1787046675.132007,16.01069450378418,103.84615384615384,0.4885120391845703
11,25736.0,102.51877750121348,86.63078308105469,381.0,0.0,11.442820842843503,0.004999999888241291,0.07995263670562186,4.164076147135347,1583.2222222222222,436.6363636363636,38.987178802490234,0.0031031807602792862,100.0,30400,50.0,0.032723871381455244,150.0,333.337377721,108.0,1787046749.5744464,16.941322326660156,116.36363636363636,0.39260804653167725
12,29802.0,104.388720258134,85.81126403808594,,,11.43032142193988,,,3.897005094215274,1844.0555555555557,391.3333333333333,,0.0,100.0,35200,,,,408.338514659,,1787046795.5171227,17.440032958984375,112.5,0.2967040538787842
13,34378.0,103.73528895664127,86.39056396484375,393.8,0.0,11.50252123689279,0.004999999888241291,0.08483729048187315,3.921352510340512,2148.4444444444443,421.61538461538464,43.24349594116211,0.0,100.0,40000,70.0,0.03387480136154224,180.0,469.788234293,138.0,1787046870.5184178,18.28693389892578,132.30769230769232,0.2008000612258911
14,38766.0,105.64632529704488,80.32365417480469,,,11.296888440847397,,,3.8479828597046435,2445.6111111111113,391.35714285714283,,0.0,100.0,46400,,,,562.208217781,,1787046931.9678755,19.309484481811523,120.71428571428571,0.07292807102203369
16,43547.0,102.64346836232818,78.33946990966797,409.8,0.0,11.59033738495782,0.004999999888241291,0.08859646405955404,3.997600411064923,2785.4444444444443,394.8125,34.64101791381836,0.027493831512160734,100.0,51200,110.0,0.03383084008331093,190.0,607.339644441,140.0,1787047024.3883326,19.68051528930664,128.75,0.0010000000474974513
8,45532.0,105.36340999502684,78.490478515625,,,11.300726181827486,,,3.8848111890256405,2940.5,391.0,,0.07654320987654321,100.0,56000,,,,682.818906364,,1787047069.5192437,20.65519905090332,130.0,0.0010000000474974513
16,49388.0,105.47808486441856,76.46583557128906,411.2,0.0,11.34029651992023,0.004999999888241291,0.07598747778497676,3.8287312649190426,3290.1111111111113,406.375,13.416407585144043,0.0112,100.0,60800,120.0,0.03774762060065418,150.0,728.380313144,144.0,1787047144.9988022,20.806718826293945,145.625,0.0010000000474974513
9,51482.0,104.63722890265768,78.69182586669922,,,11.48455156525597,,,3.8063732497394085,3457.5555555555557,399.0,,0.0,100.0,65600,,,,805.100801251,,1787047190.5603933,21.542903900146484,140.0,0.0010000000474974513
12,54175.0,105.08519919943738,74.32422637939453,424.0,0.0,11.406284935306758,0.004999999888241291,0.0862600673174591,3.819455817807466,3703.4444444444443,440.1666666666667,23.874671936035156,0.203176085941149,100.0,70400,120.0,0.03258146145166263,180.0,850.387028299,148.0,1787047267.280885,21.741058349609375,152.5,0.0010000000474974513
10,56615.0,105.50357608374534,71.44387817382812,,,11.483319546096027,,,3.6820431780070066,3931.3333333333335,436.2,,0.014989293361884369,100.0,75200,,,,930.55034577,,1787047312.5659745,22.43214225769043,174.0,0.0010000000474974513
13,59567.0,104.31788008959528,73.85884857177734,434.6,0.0,11.5554992496036,0.004999999888241291,0.08217195141255725,3.7822357448749244,4184.888888888889,402.84615384615387,24.899799346923828,0.20586886749197617,100.0,80000,120.0,0.03472806017146984,180.0,990.80094948,158.0,1787047392.7268581,22.760311126708984,164.6153846153846,0.0010000000474974513
16,62169.0,107.09095165788612,71.61697387695312,,,11.286350147798657,,,3.6542211631312966,4494.888888888889,407.5,,0.246690734055355,100.0,86400,,,,1071.821031006,,1787047452.9804587,23.70466423034668,174.375,0.0010000000474974513
11,64950.0,108.04787757632049,72.576171875,456.8,0.0,11.214516230393201,0.004999999888241291,0.08114478722146558,3.5937339258380234,4742.555555555556,412.09090909090907,23.021728515625,0.015472312703583062,100.0,91200,170.0,0.03473432716640051,230.0,1116.386483477,194.0,1787047534.0008047,23.726015090942383,164.54545454545453,0.0010000000474974513
10,67063.0,108.00003734466048,70.1902084350586,,,11.434458101168275,,,3.380351590923965,4971.277777777777,436.4,,0.0007886435331230284,100.0,96000,,,,1234.300829433,,1787047578.5656888,24.477840423583984,179.0,0.0010000000474974513
9,67928.0,99.30709810313697,68.97869110107422,435.6,0.0,11.371460027992725,0.004999999888241291,0.08495563464095755,4.740177816245705,5187.666666666667,465.8888888888889,16.431676864624023,0.06471816283924843,100.0,100800,160.0,0.03228389281252529,200.0,1244.089371877,172.0,1787047696.4809272,24.631364822387695,185.55555555555554,0.0010000000474974513
