eval/return_min,eval/return_mean,train/q_loss,train/dnd_size,eval/return_std,train/q_values,eval/return_max,_runtime,_step,time/collect,time/step,eval/episode_length,train/epsilon,eval/value_return_n,time/speed,eval/dnd_optimistic_rate,eval/num_episodes,train/episode_reward,train/dnd_blend_rate,_timestamp,eval/hns,train/episode_length,eval/dnd_nn_dist,eval/dnd_top_weight,train/episodes_completed,time/elapsed_min,sys/gpu_mem_peak_gb,eval/epsilon,train/dnd_rehashed,train/updates,eval/value_return_corr
,,1099.217041015625,797.3333333333334,,32.02715301513672,,142.777301598,6400,3.9520496889017522,14.294380810111761,,0.3606400489807129,,87.68838376834874,,,135.9375,0.07081807081807082,1787715089.5367658,,317.8125,,,16,0.6923114843356113,5.515971072,,1591,100,
275.0,275.0,1216.95556640625,1554.0,0.0,39.021217346191406,275.0,198.136934779,11200,4.337643606122583,14.41756337089464,409.2,0.0010000000474974513,2046.0,85.30964238148117,0.0,5.0,213.33333333333334,0.10352422907488987,1787715190.5101645,0.008358977059837033,319.0,0.17300721728472046,0.03485600392960204,15,1.6157013264329483,5.515971072,0.004999999888241291,3719,100,0.8269209724333848
,,1576.568359375,1957.0,,42.00652313232422,,323.667995526,16000,4.096853755880147,14.553144908044487,,0.0010000000474974513,,85.79089086450917,,,231.25,0.31891891891891894,1787715245.869538,,316.0,,,12,3.2978600405699883,5.516269568,,6029,100,
25.0,110.0,2028.83056640625,2638.5,106.94625091552734,47.62337875366211,250.0,381.143721837,20800,4.19792851107195,14.655018205754459,632.2,0.0010000000474974513,3161.0,84.86736975562482,0.0,5.0,400.0,0.41767241379310344,1787715371.4008317,-0.0040553453062575715,417.2142857142857,0.2512027884035168,0.03590749683706922,14,4.230294288500833,5.516269568,0.004999999888241291,9339,100,0.007002808094518313
,,1623.8643798828125,3257.6666666666665,,52.31301498413086,,475.158057679,25600,4.10490144090727,14.59638235066086,,0.0010000000474974513,,85.55562376532642,,,325.0,0.3345132743362832,1787715428.876855,,361.15384615384613,,,13,6.347989427600988,5.516269568,,11858,100,
300.0,320.0,1521.7196044921875,3513.0,11.180339813232422,55.06732177734375,325.0,530.905120276,30400,3.9574634809978306,14.536969454027712,342.8,0.0010000000474974513,1714.0,86.51252004433464,0.0,5.0,309.09090909090907,0.0,1787715522.8909612,0.011744701341499198,342.6363636363636,0.1933266387745964,0.029980495310008515,11,7.274745094566606,5.516269568,0.004999999888241291,12921,100,0.8257134789808127
,,1846.1993408203125,3745.0,,57.09800338745117,,629.258975219,35200,4.237912212964147,14.54439290938899,,0.0010000000474974513,,85.18656201020892,,,343.75,0.7209693705822955,1787715578.6379573,,373.875,,,16,8.844007974932902,5.516269568,,13880,100,
275.0,535.0,1766.2015380859375,4007.6666666666665,145.34442138671875,60.89753723144531,600.0,703.869665644,40000,4.133237545378506,14.631021860055625,366.2,0.0010000000474974513,1831.0,85.2684865109379,0.0,5.0,566.6666666666666,0.0,1787715676.9917183,0.02792093957610732,385.0,0.18990570208508417,0.03241842832035154,9,9.785623783571646,5.516269568,0.004999999888241291,14473,100,0.852501125486677
,,1498.0477294921875,4464.833333333333,,67.11016082763672,,806.957353328,46400,3.769222474191338,14.678957269061357,,0.0010000000474974513,,86.7294238384245,,,610.9375,0.0027397260273972603,1787715751.602526,,408.5625,,,16,11.726747329269225,5.516269568,,16164,100,
650.0,695.0,1505.3839111328125,4892.666666666667,27.386127471923828,72.20661163330078,725.0,862.45098439,51200,4.266094628721476,14.572333860211074,400.0,0.0010000000474974513,2000.0,84.93277456450198,0.0,5.0,587.5,0.4921518987341772,1787715854.6902423,0.039959070355350575,412.57142857142856,0.18451971370354295,0.032792621867731214,14,12.6648549996006,5.516269568,0.004999999888241291,17950,100,0.9517622453582983
,,1809.7083740234375,5380.5,,75.673095703125,,979.338403191,56000,4.029088284354657,14.436473862733692,,0.0010000000474974513,,86.64778181433746,,,786.1111111111111,0.0,1787715910.184084,,443.44444444444446,,,9,14.369776691317869,5.516269568,,20127,100,
700.0,700.0,2002.7427978515625,5786.166666666667,0.0,77.92764282226562,700.0,1034.620702401,60800,3.9335870752111077,14.505323477089405,547.2,0.0010000000474974513,2736.0,86.77302248751229,0.0,5.0,786.1111111111111,0.0,1787716027.0711315,0.040335261942201925,444.1111111111111,0.20178074450105007,0.030738191186680985,9,15.29817202067158,5.516269568,0.004999999888241291,21822,100,0.9313336004087692
,,1751.375,6398.833333333333,,81.96958923339844,,1128.345098561,65600,3.887748867738992,14.514310509897768,,0.0010000000474974513,,86.94679041979464,,,692.8571428571429,0.7188476223533495,1787716082.3536377,,478.57142857142856,,,14,17.239267388521693,5.516269568,,24000,100,
350.0,510.0,1537.2095947265625,6797.5,89.44271850585938,79.14083099365234,550.0,1184.505991087,70400,3.840917878318578,14.338982184883207,343.8,0.0010000000474974513,1719.0,88.00928467360416,0.0,5.0,542.5,0.0033333333333333335,1787716176.078019,0.026039981641850563,393.5,0.19968102706586502,0.03251139633971544,10,18.16327624185166,5.516269568,0.004999999888241291,26315,100,0.8609245153004088
,,1608.8092041015625,6991.166666666667,,83.64231872558594,,1290.659837617,75200,3.9885741998441517,14.661878739949316,,0.0010000000474974513,,85.78880122456255,,,740.625,0.0,1787716232.2386088,,506.125,,,8,19.737348655836346,5.516269568,,26802,100,
175.0,610.0,1689.07177734375,7333.5,243.41322326660156,83.65200805664062,725.0,1364.385880321,80000,4.138917104806751,14.488351894076914,450.0,0.0010000000474974513,2250.0,85.89557600182229,0.0,5.0,937.5,0.44758539458186103,1787716338.393081,0.033563813378877594,447.9,0.19134274253442332,0.03261629847754483,10,20.67201207720209,5.516269568,0.004999999888241291,28104,100,0.8698471548118665
,,1788.95458984375,7997.166666666667,,88.095947265625,,1476.963999071,86400,4.0029597519896924,14.030472145881504,,0.0010000000474974513,,88.72409916544372,,,725.0,0.0137524557956778,1787716412.1186717,,529.0,,,14,22.735348038235678,5.516269568,,30663,100,
1200.0,1200.0,1742.59716796875,8331.0,0.0,92.82341766357422,1200.0,1532.791168921,91200,3.993468923959881,14.375986935105175,509.2,0.0010000000474974513,2546.0,87.1011102492959,0.0,5.0,1172.2222222222222,0.00205761316872428,1787716524.6965015,0.07795442062733708,543.4444444444445,0.17845622002766312,0.0364225544412207,9,23.66461935827198,5.516269568,0.004999999888241291,31643,100,0.9553087901512771
,,1761.3858642578125,8776.666666666666,,92.91193389892578,,1661.138285484,96000,4.046977895312011,14.263816025108099,,0.0010000000474974513,,87.38015440257277,,,1209.375,0.0008424599831508003,1787716580.5239878,,612.75,,,8,25.542087071823577,5.516269568,,32906,100,
650.0,665.0,1834.087646484375,9116.5,33.541019439697266,99.20925903320312,725.0,1663.382358621,100800,5.5964078437536955,14.590764163061976,419.8,0.0010000000474974513,2099.0,79.25825368009951,0.0,5.0,1161.111111111111,0.0,1787716708.8713982,0.03770192083424247,467.3333333333333,0.17944958018932042,0.03187114452981364,9,26.51026620893584,5.516269568,0.004999999888241291,34313,100,0.9665390224724293
