train/episode_length,train/epsilon,train/dnd_rehashed,_timestamp,time/collect,eval/dnd_optimistic_rate,eval/return_mean,_step,eval/epsilon,train/q_values,train/q_loss,train/episodes_completed,time/step,train/episode_reward,time/speed,eval/dnd_top_weight,train/dnd_blend_rate,train/updates,eval/return_min,eval/return_std,eval/episode_length,_runtime,eval/return_max,eval/dnd_nn_dist,train/dnd_size
317.1875,0.8721280097961426,,1787032942.7806664,2.4152153222821653,,,6400,,0.0,,16,3.383684440050274,176.5625,275.9144088664927,,0.08632640201638311,,,,,155.511454318,,,786.8333333333334
329.3333333333333,0.7762240171432495,,1787033072.6724515,2.8782093031331897,0.0,225.0,11200,0.004999999888241291,0.0,,15,3.509013776201755,190.0,250.50009685376395,0.03722279913613269,0.1937309534175011,,225.0,0.0,369.6,247.775350469,225.0,0.053264820644122815,1487.3333333333333
318.875,0.6803200244903564,8712.0,1787033164.9365942,6.041592153254896,,,16000,,32.12253189086914,2456.47314453125,16,25.94821220403537,134.375,50.015935769090454,,0.0630879911455451,100.0,,,,438.937940011,,,2246.1666666666665
302.64285714285717,0.5844160318374634,11027.0,1787033356.0990927,8.412011906970292,0.0,565.0,20800,0.004999999888241291,34.0035400390625,2444.216552734375,14,18.879477233160287,135.71428571428572,58.62633555042225,0.027723271513040448,0.017810026385224276,100.0,525.0,22.360679626464844,406.6,530.820848325,575.0,0.30630250841472006,2933.8333333333335
363.42857142857144,0.4885120391845703,11277.0,1787033447.982114,7.918099089991301,,,25600,,38.79058074951172,2685.131103515625,14,20.153431644197553,273.2142857142857,56.99724803575921,,0.009932459276916964,100.0,,,,721.918829214,,,3773.5
328.15384615384613,0.39260804653167725,10753.0,1787033639.0791721,5.506018648389727,0.0,245.0,30400,0.004999999888241291,40.96372985839844,2794.26611328125,13,25.844891757238656,226.92307692307693,51.035200550755114,0.030268243360977456,0.03758169934640523,100.0,100.0,165.2649383544922,508.8,814.732400795,525.0,0.2629096060971763,4464.666666666667
386.2142857142857,0.2967040538787842,13766.0,1787033731.8934827,7.6398936989717185,,,35200,,43.416385650634766,2569.246337890625,14,22.358967173378915,330.35714285714283,53.335358526052865,,0.017338861666038447,100.0,,,,1010.02111469,,,5345.0
339.1666666666667,0.2008000612258911,17556.0,1787033927.1822872,6.499768897891045,0.0,655.0,40000,0.004999999888241291,42.55727767944336,2289.919189453125,12,24.883251938037574,308.3333333333333,50.982982433872394,0.029899906247464105,0.0,100.0,575.0,44.72135925292969,455.8,1122.809449791,675.0,0.219696281015485,6006.166666666667
390.47058823529414,0.07292807102203369,19963.0,1787034039.9703193,5.969365953933448,,,46400,,47.91136169433594,2435.0595703125,17,15.789820421952754,420.5882352941176,73.53216119207195,,0.01284796573875803,100.0,,,,1314.31002798,,,7056.666666666667
430.3333333333333,0.0010000000474974513,22902.0,1787034231.4710872,7.1065204669721425,0.0,310.0,51200,0.004999999888241291,49.53197479248047,2419.400146484375,9,21.606324962340295,338.8888888888889,55.72418811430609,0.029894208492311593,0.008086253369272238,100.0,300.0,22.360679626464844,488.2,1407.1525828,350.0,0.22649544852586223,7693.333333333333
566.6666666666666,0.0010000000474974513,24984.0,1787034324.3136637,7.742123632226139,,,56000,,49.43842315673828,2837.380615234375,9,22.766283231787384,486.1111111111111,52.44456084290967,,0.015016685205784204,100.0,,,,1595.314137178,,,8533.833333333334
535.1111111111111,0.0010000000474974513,29579.0,1787034512.4754326,6.207220311742276,0.0,645.0,60800,0.004999999888241291,52.61500930786133,2827.59130859375,9,25.133972412906587,605.5555555555555,51.05102457513208,0.03144921294937508,0.0011098779134295228,100.0,625.0,11.180339813232422,526.8,1686.905410274,650.0,0.17843925646807735,9290.166666666666
501.625,0.0010000000474974513,30280.0,1787034604.03748,7.595389605965465,,,65600,,54.773494720458984,2392.296875,8,21.92099963920191,556.25,54.207172385150834,,0.0,100.0,,,,1851.51291691,,,9845.666666666666
414.5,0.0010000000474974513,32191.0,1787034768.6740303,7.838340674061328,0.0,635.0,70400,0.004999999888241291,57.57211685180664,2312.6640625,14,25.419182884972543,582.1428571428571,48.10941491659519,0.028749372427467595,0.7621509824198552,100.0,625.0,22.360679626464844,405.8,1942.256364381,675.0,0.21759659489296979,10285.166666666666
516.75,0.0010000000474974513,32926.0,1787034859.416918,7.313148243818432,,,75200,,59.678260803222656,2150.59423828125,8,21.485584571026266,528.125,55.55800007892216,,0.031578947368421054,100.0,,,,2123.620012428,,,10856.0
504.1,0.0010000000474974513,34975.0,1787035040.7810917,5.6820469461381435,0.0,345.0,80000,0.004999999888241291,59.74159622192383,2446.031494140625,10,25.949211478233337,657.5,50.58287528539239,0.03289326436156146,0.34004884004884006,100.0,325.0,44.72135925292969,449.4,2239.500643092,425.0,0.18935861505187818,11334.666666666666
500.9230769230769,0.0010000000474974513,37188.0,1787035156.6618266,6.151369295082986,,,86400,,62.504451751708984,2610.468017578125,13,25.015859665814787,467.3076923076923,51.33597221643768,,0.0,100.0,,,,2458.705894066,,,12083.5
420.42857142857144,0.0010000000474974513,39152.0,1787035375.8314455,6.184687220025808,0.0,615.0,91200,0.004999999888241291,64.09622192382812,2514.406494140625,14,26.19379303092137,610.7142857142857,49.41553734453595,0.031747881379627974,0.3822937625754527,100.0,600.0,33.541019439697266,464.6,2554.347354932,675.0,0.19075272939398977,12739.833333333334
478.8888888888889,0.0010000000474974513,41687.0,1787035471.5086558,6.168373316992074,,,96000,,63.176551818847656,2293.258056640625,9,24.26630069175735,666.6666666666666,52.571616161882616,,0.0,100.0,,,,2802.745985973,,,13209.833333333334
412.25,0.0010000000474974513,42785.0,1787035719.9069648,9.490107942838222,0.0,755.0,100800,0.004999999888241291,64.82384490966797,2327.165771484375,12,21.19056899799034,568.75,52.15008792295541,0.032996397144254196,0.25429389312977096,100.0,700.0,32.596012115478516,443.8,2805.34490766,775.0,0.17759280412268877,13797.0
