_runtime,train/qec_size,eval/num_episodes,eval/return_std,train/exact_hit_rate,_step,time/elapsed_min,eval/value_return_n,eval/memory_hit_rate,time/step,eval/exact_minus_knn_value,eval/return_mean,sys/gpu_mem_peak_gb,train/episode_length,train/episodes_completed,_timestamp,train/epsilon,eval/hns,time/speed,train/q_values,eval/exact_hit_rate,eval/value_return_corr,eval/return_min,train/episode_reward,time/collect,eval/return_max,eval/episode_length
180.297955845,363.0,,,0.16197666437886069,5120,0.38146502210292965,,,0.07410183688625693,,,6.875195904,502.25,8,1787224453.7610636,0.004999999888241291,,187.723968678438,188.17857360839844,,,,346.25,5.380715718958527,,
208.168434864,679.0,5.0,0.0,0.4589585172109444,10240,0.8416807570339491,3785.0,0.12294143549097314,0.07908400986343622,219.13899055676012,460.0,6.876276736,568.1,10,1787224610.4894123,0.004999999888241291,0.022982104962148003,180.12110757414624,218.9682189941406,0.0,0.976219558515549,460.0,345.0,5.605979855172336,460.0,757.0
356.108332459,852.7777777777778,,,0.5342465753424658,15360,3.4581331070202093,,,0.0689534330740571,,,6.876276736,508.2857142857143,7,1787224638.3606932,0.004999999888241291,,192.33009340793365,266.6752532958984,,,,427.14285714285717,5.255226376000792,,
384.008860671,1059.0,5.0,0.0,0.7307692307692307,20480,3.9103938035511723,3581.0,0.1612522883117689,0.06752236001193523,429.32033397831253,1480.0,6.876276736,666.6666666666666,9,1787224786.3006165,0.004999999888241291,0.17649714793130955,190.84759903943845,583.4992980957031,0.0,0.9532237815843843,1480.0,628.8888888888889,5.298015404958278,1480.0,716.2
555.484501172,1308.5555555555557,,,0.24594155844155843,25600,6.388817187755679,,,0.07408901490271091,,,6.876276736,661.5,8,1787224814.2013097,0.004999999888241291,,188.7072868084182,606.4156555175781,,,,820.0,5.352304514031857,,
583.169808712,1500.888888888889,5.0,0.0,0.4980276134122288,30720,6.8502406482507165,4359.0,0.15462261986694195,0.08245837036520243,1286.959054822185,2180.0,6.876276736,693.0,7,1787224985.6769357,0.004999999888241291,0.28185060879249885,188.30099324966233,789.0021362304688,0.0,0.9958163663465198,2180.0,1240.0,5.355643587186933,2180.0,871.8
774.878655593,1646.111111111111,,,0.92524682651622,35840,9.70816716143551,,,0.06295052310451865,,,6.876276736,732.3333333333334,6,1787225013.3623493,0.004999999888241291,,182.33571529148597,2057.6200927734376,,,,1476.6666666666667,5.553063862025738,,
797.026043058,1832.4444444444443,5.0,0.0,0.8365482233502538,40960,10.176989998784848,4915.0,0.1534983610263366,0.06820794474333525,1341.9394019871115,3140.0,6.876276736,769.875,8,1787225205.0712173,0.004999999888241291,0.4263353551164155,186.107184240442,1954.699169921875,0.0,0.9968211406737674,3140.0,1657.5,5.433997701853514,3140.0,983.0
994.195160171,1929.5555555555557,,,0.16400911161731208,45056,13.2724380916683,,,0.06381452735513449,,,6.876931072,777.8,5,1787225227.2185745,0.004999999888241291,,188.78966129832912,1863.7937622070312,,,,2014.0,5.3602113062515855,,
1022.522212879,1972.7777777777778,5.0,0.0,,50176,13.73264936740355,5023.0,0.15911252682106752,0.05408523231744766,1351.6726774211807,3110.0,6.876931072,901.0,4,1787225424.3879201,0.004999999888241291,0.4218202067937931,183.84861879284531,2122.9362060546873,0.0,0.9987392916224442,3110.0,2202.5,5.515714566688985,3110.0,1004.6
1203.311792634,2130.1111111111113,,,0.8318042813455657,55296,17.030706755033073,,,0.06289792899042368,,,6.877878272,775.5,8,1787225452.7146974,0.004999999888241291,,183.50705477662947,2215.34130859375,,,,1617.5,5.517269009258598,,
1230.787951254,2241.1111111111113,5.0,0.0,0.9014011416709912,60416,17.50112274613542,4607.0,0.1858524467597617,0.0751074873842299,1270.7644980454643,3090.0,6.877878272,821.6666666666666,6,1787225633.5044196,0.004999999888241291,0.41881010791204487,178.08717184687728,1970.351025390625,0.0,0.9998905447005206,3090.0,1905.0,5.674885560292751,3090.0,921.4
1444.675651596,2324.0,,,,65536,20.50181898054046,,,0.056327165104448795,,,6.878291456,864.6666666666666,6,1787225660.9808211,0.004999999888241291,,179.6799168478835,2273.462548828125,,,,2320.0,5.642695953138173,,
1472.79072293,2450.8888888888887,5.0,0.0,0.8313908313908314,70656,20.971727827936412,5537.0,0.16593422029578794,0.07802059408277273,1311.9517330896879,3410.0,6.878291456,838.0,7,1787225874.8681662,0.004999999888241291,0.4669716900200171,175.15201708147626,2104.17470703125,0.0,0.9963146038325641,3410.0,2037.142857142857,5.768329434096813,3410.0,1107.4
1687.897301649,2555.222222222222,,,0.8331854480922803,75776,24.535183133386695,,,0.0671808528713882,,,6.878291456,672.4285714285714,7,1787225902.9832346,0.004999999888241291,,186.81868791856476,2298.9221923828127,,,,1182.857142857143,5.414069504942745,,
1715.274749751,2631.8888888888887,5.0,0.0,,80896,25.003864847154667,5537.0,0.1722753998354504,0.05366914300248027,1396.8433514336698,3410.0,6.880105472,939.8,5,1787226118.0896792,0.004999999888241291,0.4669716900200171,188.15806885310278,2013.672607421875,0.0,0.9993040835506545,3410.0,2282.0,5.38856358313933,3410.0,1107.4
1920.000108102,2838.222222222222,,,0.7089552238805971,86016,28.576583664569384,,,0.07098121102899313,,,6.880105472,767.0,7,1787226145.46726,0.004999999888241291,,189.88067185312119,2076.65078125,,,,1375.7142857142858,5.321879420895129,,
1947.689927125,2913.1111111111113,5.0,0.0,0.8452593917710197,90112,28.944128014535334,5378.0,0.1756745589025247,0.06762383691966534,1389.5890894855588,3430.0,6.880105472,1047.6666666666667,3,1787226350.1926107,0.004999999888241291,0.4699817889017654,182.17288974114732,2111.3611450195312,0.0,0.9998055920602473,3430.0,2776.6666666666665,5.5534101240336895,3430.0,1075.6
2196.209022667,3022.6666666666665,,,0.7157464212678937,95232,32.450165451667274,,,0.0623537627980113,,,6.880105472,853.2857142857143,7,1787226377.8823512,0.004999999888241291,,184.85174966113306,2387.896484375,,,,1910.0,5.47722052782774,,
2198.548180942,3120.1111111111113,5.0,0.0,0.8514851485148515,100352,32.93503643748506,5612.0,0.18163459253979566,0.0960042062215507,1337.2570196715374,3430.0,6.880105472,807.6,5,1787226626.401154,0.004999999888241291,0.4699817889017654,155.58620657232024,2236.946240234375,0.0,0.9999364712816337,3430.0,1754.0,6.485556091181934,3430.0,1122.4
