time/speed,time/collect,train/episodes_completed,train/dnd_rehashed,_timestamp,train/epsilon,eval/episode_length,train/dnd_blend_rate,train/dnd_size,eval/return_std,_runtime,time/step,eval/dnd_top_weight,eval/epsilon,train/q_values,train/episode_reward,eval/return_mean,train/updates,eval/return_min,eval/dnd_optimistic_rate,_step,train/q_loss,eval/return_max,eval/dnd_nn_dist,train/episode_length
431.3973803400763,1.2193221650086343,8,,1787020122.9939172,0.8721280097961426,,0.0,390.22222222222223,,448.423960253,2.4895552480593324,,,0.0,195.0,,,,,6400,,,,476.625
164.9684494943428,5.821936952415854,10,,1787020549.179622,0.7762240171432495,606.6,0.13374233128834356,851.3333333333334,39.74921417236328,525.099774395,3.876887307036668,0.035067392207525735,0.004999999888241291,0.0,259.0,404.0,,340.0,0.0,11200,,430.0,0.08477701042784096,472.4
72.15310950159534,4.108506775926799,12,12924.0,1787020625.8559499,0.6803200244903564,,0.04819976771196283,1451.6666666666667,,717.961473512,18.066559704951942,,,38.3718147277832,245.83333333333334,,100.0,,,16000,570.1528930664062,,,486.5833333333333
47.79059476522169,9.90237204125151,8,15243.0,1787020818.7172246,0.5844160318374634,398.8,0.03514376996805112,1862.2222222222222,0.0,817.016916792,23.57701878575608,0.02506187257167937,0.004999999888241291,41.47053146362305,331.25,310.0,100.0,310.0,0.0,20800,662.0466918945312,310.0,0.18417197780177755,478.125
48.981222460125146,5.896500900853425,9,19912.0,1787020917.7726727,0.4885120391845703,,0.031190926275992438,2377.777777777778,,990.415061215,26.7690782668069,,,50.2674560546875,498.8888888888889,,100.0,,,25600,2232.51611328125,,,536.0
50.53201994156287,8.273624639958143,9,22827.0,1787021091.1710055,0.39260804653167725,344.2,0.03593339176161262,2921.222222222222,71.5541763305664,1088.52926765,23.389467432163656,0.028441532166186854,0.004999999888241291,54.93074035644531,474.44444444444446,312.0,100.0,280.0,0.0,30400,1563.2032470703125,440.0,0.1735609927130443,565.4444444444445
49.00136614533042,6.0531511646695435,8,26928.0,1787021189.2823002,0.2967040538787842,,0.061074918566775244,3406.5555555555557,,1379.717103798,26.598999700974673,,,58.716590881347656,525.0,,100.0,,,35200,2326.615234375,,,579.375
46.67019803320842,10.003757013939321,9,30175.0,1787021480.4730873,0.2008000612258911,594.6,0.07142857142857142,3858.3333333333335,98.99494934082031,1514.925580691,24.279362994711846,0.028960776266123957,0.004999999888241291,61.69411087036133,443.3333333333333,580.0,100.0,440.0,0.0,40000,1657.378662109375,650.0,0.20040694401255682,486.44444444444446
47.33475762055757,10.012921094428748,14,34552.0,1787021615.681592,0.07292807102203369,,0.10432569974554708,4574.777777777777,,1894.029848491,23.788878691382706,,,63.64642333984375,452.85714285714283,,100.0,,,46400,1725.2490234375,,,508.7857142857143
48.48269083184,7.332225529011339,8,37041.0,1787021994.7853665,0.0010000000474974513,655.8,0.10152284263959391,5011.111111111111,269.7591552734375,1992.034512552,25.669243088923395,0.028202232614425685,0.004999999888241291,68.10164642333984,622.5,802.0,100.0,360.0,0.0,51200,1678.9129638671875,1100.0,0.1951988463171281,542.75
47.190995769923745,9.20723686227575,7,38699.0,1787022092.790356,0.0010000000474974513,,0.1645230439442658,5481.333333333333,,2470.930148363,24.69753615418449,,,69.01898193359375,645.7142857142857,,100.0,,,56000,1524.2977294921875,,,674.5714285714286
47.63403087825706,7.849251522682607,8,41821.0,1787022571.6860998,0.0010000000474974513,673.8,0.04523809523809524,5887.111111111111,884.3472290039062,2572.551618624,25.740179615095258,0.027454642327092934,0.004999999888241291,72.33179473876953,537.5,1048.0,100.0,560.0,0.0,60800,1920.86669921875,2620.0,0.1865124034660834,607.375
48.040541507369845,7.086584855802357,7,43877.0,1787022673.307978,0.0010000000474974513,,0.10520665593129361,6316.0,,2913.322861619,26.21861841203645,,,74.9588394165039,622.8571428571429,,100.0,,,65600,1955.6927490234375,,,613.7142857142857
47.72360326808118,7.389347573276609,9,46473.0,1787023014.0762658,0.0010000000474974513,450.0,0.1622746185852982,6796.0,64.9615249633789,3015.047295136,26.137039590161294,0.029038376408594625,0.004999999888241291,76.01487731933594,926.6666666666666,378.0,100.0,340.0,0.0,70400,2108.2158203125,490.0,0.17216524711784756,639.0
48.05557896980227,7.447024341206998,10,48779.0,1787023115.8021646,0.0010000000474974513,,0.3665480427046263,7240.777777777777,,3471.439353296,25.847757124342024,,,77.14437103271484,598.0,,100.0,,,75200,1864.7340087890625,,,550.5
47.93581254886054,7.736577876843512,8,49433.0,1787023572.194732,0.0010000000474974513,578.8,0.10923623445825932,7492.222222222223,43.817806243896484,3603.195500368,25.641389762051404,0.029900412861371354,0.004999999888241291,79.10997009277344,356.25,538.0,100.0,510.0,0.0,80000,3560.036376953125,610.0,0.18275239600916618,422.0
47.074993801694134,8.162407766096294,13,52439.0,1787023703.9516745,0.0010000000474974513,,0.11875,8005.777777777777,,3965.634235998,25.82591322530061,,,79.50801849365234,623.0769230769231,,100.0,,,86400,1753.7198486328125,,,510.15384615384613
49.060997180810695,8.48258790327236,6,52656.0,1787024066.390125,0.0010000000474974513,610.0,0.15164835164835164,8344.0,424.8529052734375,4063.39789398,24.12987600779161,0.028558777015527306,0.004999999888241291,80.3405532836914,720.0,710.0,100.0,520.0,0.0,91200,2367.855224609375,1470.0,0.19176119649806525,658.3333333333334
48.19259951461883,7.130885449703783,7,53962.0,1787024164.1538181,0.0010000000474974513,,0.3155737704918033,8697.333333333334,,5111.314187961,26.069232745096087,,,82.24761199951172,805.7142857142857,,100.0,,,96000,1846.052001953125,,,689.4285714285714
36.03051335552101,17.313482262659818,8,56793.0,1787025212.0681489,0.0010000000474974513,500.4,0.08901515151515152,9110.666666666666,95.65563201904297,5115.015175696,27.09332327498123,0.030162480116573423,0.004999999888241291,85.17094421386719,886.25,340.0,100.0,250.0,0.0,100800,2356.010986328125,480.0,0.18440240350929843,652.25
