time/elapsed_min,train/updates,_step,train/q_values,sys/gpu_mem_peak_gb,time/speed,train/epsilon,train/q_loss,_runtime,train/episodes_completed,train/episode_length,time/collect,train/dnd_size,train/dnd_rehashed,train/dnd_blend_rate,time/step,train/episode_reward,_timestamp,eval/value_return_n,eval/episode_length,eval/epsilon,eval/return_std,eval/num_episodes,eval/dnd_nn_dist,eval/dnd_top_weight,eval/return_mean,eval/dnd_optimistic_rate,eval/return_max,eval/hns,eval/return_min,eval/value_return_corr
0.8182059557642788,100,6400,52.82991027832031,1.80066304,82.39441062054303,0.3606400489807129,454.0700378417969,200.101508087,7,450.0,8.329919490031898,329.6666666666667,2966,0.026200873362445413,11.088873459026217,247.14285714285714,1787275438.791716,,,,,,,,,,,,,
1.7546136740284661,100,11200,57.797000885009766,1.801114624,82.88011544791287,0.0010000000474974513,585.9020385742188,305.19999002,11,556.2727272727273,8.721106280107051,970.5555555555555,8611,0.08160828025477707,10.583886133972555,377.27272727272725,1787275588.9714136,2261.0,452.2,0.004999999888241291,80.49844360351562,5.0,0.06357699086583624,0.02612999766101002,266.0,0.0,410.0,-0.00621585419081017,230.0,0.5113488141025123
5.072845672016653,100,16000,60.425559997558594,1.801201664,45.47805745694352,0.0010000000474974513,1564.9149169921875,627.598622315,9,551.7777777777778,15.586529696825892,1459.0,12824,0.1174342105263158,19.595272021833807,448.8888888888889,1787275694.0699,,,,,,,,,,,,,
6.849611210683361,100,20800,61.09373092651367,1.801201664,44.81832477989738,0.0010000000474974513,1454.75341796875,704.011962818,8,547.0,15.409581189975142,1884.0,16047,0.1327280587980977,20.29010209487751,476.25,1787276016.4686165,3196.0,639.2,0.004999999888241291,116.2755355834961,5.0,0.08741802917222244,0.025128979402634546,412.0,0.0,620.0,0.01575786764595217,360.0,0.7636927009792265
11.719712761634339,100,25600,64.32704162597656,1.801201664,62.045442990633994,0.0010000000474974513,1306.318603515625,836.804967485,9,505.8888888888889,11.488881159108132,2249.222222222222,18889,0.46732673267326735,14.298669430892915,420.0,1787276092.8816822,,,,,,,,,,,,,
12.949655442048485,100,30400,64.84648132324219,1.80148224,75.48166880344614,0.0010000000474974513,1060.48828125,866.232009537,10,523.0,11.007825105916709,2690.1111111111113,22089,0.19267139479905437,10.189374497160316,466.0,1787276225.6748066,2229.0,445.8,0.004999999888241291,69.42621612548828,5.0,0.07870697375205155,0.02890209583941167,402.0,0.0,440.0,0.014252818205078035,280.0,0.666474859267723
14.423364972361984,100,35200,67.84109497070312,1.80148224,186.6831224376133,0.0010000000474974513,3138.9306640625,980.21221063,9,487.8888888888889,3.191495249979198,3018.6666666666665,24137,0.1631753031973539,5.379177765920758,383.3333333333333,1787276255.1014054,,,,,,,,,,,,,
15.253043286634298,100,40000,68.29280853271484,1.80148224,82.44105075056828,0.0010000000474974513,2273.128662109375,1055.309583387,13,482.3076923076923,7.8266536965966225,3530.5555555555557,27220,0.40502918724741804,11.581153281033039,715.3846153846154,1787276369.0820613,2571.0,514.2,0.004999999888241291,229.63014221191406,5.0,0.1226435566401594,0.024452804707602825,714.0,0.0,850.0,0.061210360760350975,320.0,0.632084345038814
17.57467793743126,100,46400,75.50267028808594,1.80148224,81.27065382482198,0.0010000000474974513,3004.2177734375,1467.502934721,11,512.9090909090909,8.983689813874662,3997.4444444444443,29130,0.10964467005076142,10.703613347839564,719.0909090909091,1787276444.179511,,,,,,,,,,,,,
18.91796064679511,100,51200,74.78607177734375,1.80148224,47.888354213043186,0.0010000000474974513,3017.135498046875,1563.714708337,9,425.22222222222223,13.90418020170182,4283.888888888889,31659,0.37216828478964403,19.506865683943033,406.6666666666667,1787276856.3726382,2792.0,558.4,0.004999999888241291,0.0,5.0,0.19354369521345047,0.023141910769066108,530.0,0.0,530.0,0.033517451048266936,530.0,-0.8336868057569966
26.048094139030823,100,56000,76.1465835571289,1.80148224,57.75238370823466,0.0010000000474974513,3319.405517578125,1756.410595781,8,580.625,13.890951863955706,4701.111111111111,33676,0.13080895008605853,13.81353230215609,618.75,1787276952.5846887,,,,,,,,,,,,,
27.29791435543448,100,60800,78.23863220214844,1.801549312,65.8736455229174,0.0010000000474974513,3333.52490234375,1811.811969503,9,512.0,10.393758882768452,4987.444444444444,35982,0.13525305410122165,13.8951655770652,486.6666666666667,1787277145.2804832,3869.0,773.8,0.004999999888241291,131.41537475585938,5.0,0.16232591979416366,0.02416737094804602,752.0,0.0,880.0,0.06692954863567267,600.0,0.5385730935500765
30.18304816376573,100,65600,78.0283203125,1.802266112,93.62044122305824,0.0010000000474974513,3026.326171875,1899.705567483,6,699.6666666666666,7.60637730313465,5370.666666666667,37540,0.054989816700611,9.483907458372414,763.3333333333334,1787277200.6818423,,,,,,,,,,,,,
30.712186152798434,100,70400,79.78317260742188,1.802563584,160.1413772251061,0.0010000000474974513,2790.88037109375,1959.235036921,8,630.625,2.856604638043791,5766.111111111111,39994,0.1308703819661866,7.134567086119205,642.5,1787277288.5755234,2678.0,535.6,0.004999999888241291,330.93804931640625,5.0,0.18093240254184348,0.025071284480073914,808.0,0.0,1400.0,0.07535782550456782,660.0,0.4392005790798571
32.640015327433744,100,75200,82.11719512939453,1.802699264,80.00763181193787,0.0010000000474974513,3012.83740234375,2485.405067269,9,627.6666666666666,7.584938231855631,6257.111111111111,41897,0.378839590443686,12.413153997156769,806.6666666666666,1787277348.105216,,,,,,,,,,,,,
33.61655024626137,100,80000,84.55065155029297,1.80286464,82.41558500114348,0.0010000000474974513,3367.390869140625,2652.207533026,7,600.0,7.99940781109035,6648.0,43856,0.12215477996965099,11.414396021980792,791.4285714285714,1787277874.2749326,2586.0,517.2,0.004999999888241291,84.9705810546875,5.0,0.17701395367471234,0.026165972472990184,468.0,0.0,620.0,0.02418614451484731,430.0,0.6815571845114484
44.18959380106535,100,86400,86.48556518554688,1.803299328,37.911366095046816,0.0010000000474974513,2390.675537109375,3082.20672149,13,620.9230769230769,18.905191959813237,7202.0,46769,0.4714019686086725,23.298510116990656,788.4615384615385,1787278041.0749538,,,,,,,,,,,,,
46.32134809259636,100,91200,87.7983169555664,1.80391168,36.95332673170675,0.0010000000474974513,3528.46484375,3147.2107311,7,735.5714285714286,19.194408745039254,7547.666666666667,48167,0.3958050106816858,24.103452138137072,784.2857142857143,1787278471.076617,2856.0,571.2,0.004999999888241291,201.24612426757812,5.0,0.17621220397704113,0.025782766582593878,720.0,0.0,810.0,0.06211339042487545,360.0,0.5501915399892231
52.43968802421198,100,96000,87.3455810546875,1.80391168,76.18510665672203,0.0010000000474974513,2301.50927734375,3271.911987849,6,644.3333333333334,9.306968591175973,7738.444444444444,48856,0.6616469080422941,11.694511490873992,765.0,1787278536.0804105,,,,,,,,,,,,,
53.62571645956486,100,100800,88.0063247680664,1.80391168,54.31918501621688,0.0010000000474974513,2729.04248046875,3272.639369492,5,606.8,19.394720029085875,8002.222222222223,49456,0.32694248234106965,10.060802904888988,766.0,1787278660.7819083,2469.0,493.8,0.004999999888241291,0.0,5.0,0.17565930595038137,0.026953437020866798,490.0,0.0,490.0,0.0274972532847704,490.0,0.8372200854737987
