time/collect,train/updates,eval/dnd_top_weight,train/dnd_rehashed,train/q_loss,eval/return_std,eval/return_mean,_timestamp,eval/return_min,eval/episode_length,time/speed,eval/dnd_optimistic_rate,train/episodes_completed,eval/return_max,_step,time/step,train/epsilon,train/dnd_size,train/episode_reward,train/q_values,train/episode_length,train/dnd_blend_rate,eval/epsilon,_runtime,eval/dnd_nn_dist
2.077730943914503,,,,,,,1787025292.2799325,,,286.0636550620114,,8,,6400,3.5154297798871994,0.8721280097961426,395.6666666666667,242.5,0.0,484.0,0.0,,469.285465531,
1.5290561448782682,,0.03464368616370219,,,111.80339813232422,510.0,1787025739.2030628,310.0,675.8,266.1403728294158,0.0,11,560.0,11200,4.482808883301914,0.7762240171432495,890.5555555555555,230.9090909090909,0.0,459.72727272727275,0.1330827067669173,0.004999999888241291,544.880299457,0.09252177728659501
8.734443364664912,100.0,,12543.0,271.31005859375,,,1787025814.798267,,,54.027842560026436,,11,,16000,20.879917012993246,0.6803200244903564,1419.2222222222222,228.1818181818182,40.886863708496094,464.09090909090907,0.037642045454545456,,802.288161317,
5.540803744923323,100.0,0.02989494085811859,16223.0,357.0296325683594,493.2240905761719,1042.0,1787026072.205861,430.0,669.6,65.32838038055368,0.0,9,1420.0,20800,18.95084889791906,0.5844160318374634,1859.0,266.6666666666667,42.458824157714844,453.22222222222223,0.027777777777777776,0.004999999888241291,882.905927905,0.1063492560568051
6.427510290872306,100.0,,20217.0,576.7238159179688,,,1787026152.8233306,,,60.08230790245933,,9,,25600,20.202625199221075,0.4885120391845703,2381.3333333333335,290.0,43.523807525634766,544.7777777777778,0.047238855622089154,,1151.38112883,
6.35572382574901,100.0,0.03004319327509565,25256.0,709.46435546875,8.9442720413208,296.0,1787026421.2994237,280.0,483.0,48.387515284596006,0.0,10,300.0,30400,26.71065684268251,0.39260804653167725,3001.5555555555557,559.0,49.59406280517578,582.8,0.048847087378640776,0.004999999888241291,1233.673924945,0.10669758675535547
5.226489990018308,100.0,,27706.0,1888.482177734375,,,1787026503.5920095,,,51.32541932308662,,7,,35200,25.947147188242525,0.2967040538787842,3359.1111111111113,428.57142857142856,51.85411071777344,494.2857142857143,0.05708661417322835,,1602.291788337,
7.340570158790797,100.0,0.027562999765415777,32434.0,1810.863525390625,13.416407585144043,566.0,1787026872.2096615,560.0,609.2,47.411951104777074,0.0,10,590.0,40000,26.40619542915374,0.2008000612258911,3972.0,549.0,56.168617248535156,585.0,0.06372762985595809,0.004999999888241291,1734.003938152,0.14597101646480318
7.2739082421176136,100.0,,35813.0,2025.009033203125,,,1787027003.919945,,,47.63356285823499,,9,,46400,26.31585292611271,0.07292807102203369,4511.111111111111,687.7777777777778,61.1975212097168,589.8888888888889,0.05394190871369295,,1969.626745885,
6.150494013912976,100.0,0.02909022704192419,39048.0,1944.614013671875,321.9937744140625,564.0,1787027239.5445573,420.0,531.8,60.94911955100581,0.0,8,1140.0,51200,20.100910629611462,0.0010000000474974513,5023.222222222223,541.25,64.16063690185547,623.875,0.07844690966719493,0.004999999888241291,2068.186805864,0.16026378804144142
5.850312420167029,100.0,,41279.0,1802.226806640625,,,1787027338.105198,,,49.10729272938189,,9,,56000,26.731406324077398,0.0010000000474974513,5548.666666666667,513.3333333333334,62.96942138671875,596.2222222222222,0.0893525949705725,,2275.172337707,
5.697037260048091,100.0,0.026546367477982214,43638.0,1486.8271484375,334.78350830078125,856.0,1787027545.088289,460.0,566.2,63.4872317781337,0.0,7,1100.0,60800,19.504880593158305,0.0010000000474974513,5964.111111111111,610.0,67.06912231445312,611.8571428571429,0.10469314079422383,0.004999999888241291,2374.088322748,0.20241452255931977
7.374478987883776,100.0,,45247.0,1741.9688720703125,,,1787027644.0062697,,,47.34619053901332,,6,,65600,26.41915851039812,0.0010000000474974513,6318.444444444444,703.3333333333334,71.443359375,646.3333333333334,0.058284217419777344,,2656.594821204,
6.715430934913456,100.0,0.029652483728901145,48621.0,1399.1278076171875,320.90496826171875,856.0,1787027926.5127442,710.0,738.2,58.4481215645459,0.0,8,1430.0,70400,20.659272599965334,0.0010000000474974513,6847.888888888889,812.5,71.03382873535156,689.625,0.11307053941908714,0.004999999888241291,2735.20256494,0.15747234420570794
5.412310374900699,100.0,,49945.0,1546.0186767578125,,,1787028005.1192436,,,64.29386644757896,,10,,75200,19.473422719165683,0.0010000000474974513,7247.333333333333,570.0,73.24897766113281,527.6,0.4234573716439001,,2927.053313874,
5.72802045289427,100.0,0.02999890392706557,51766.0,1826.0023193359375,8.9442720413208,606.0,1787028196.9683173,590.0,480.0,48.86322523212441,0.0,7,610.0,80000,27.016441100742668,0.0010000000474974513,7667.888888888889,1017.1428571428571,76.102783203125,728.5714285714286,0.33793297662630245,0.004999999888241291,3041.976292402,0.1534452662013333
5.5566263110376894,100.0,,53989.0,3606.685546875,,,1787028311.8946388,,,49.381467717764224,,9,,86400,26.844192740041763,0.0010000000474974513,8186.555555555556,741.1111111111111,81.96685028076172,629.8888888888889,0.04982618771726535,,3398.556734319,
7.090830118861049,100.0,0.026282028629475228,57177.0,4063.98486328125,220.56744384765625,610.0,1787028668.4744997,350.0,671.0,52.07273714742466,0.0,8,950.0,91200,23.63542103767395,0.0010000000474974513,8687.888888888889,1581.25,85.50203704833984,686.875,0.25798349479727306,0.004999999888241291,3473.304988109,0.19248177401917643
3.7983827111311257,100.0,,57538.0,3393.393310546875,,,1787028743.2233224,,,66.65533133947004,,7,,96000,20.205698700621724,0.0010000000474974513,9025.777777777777,862.8571428571429,85.51239776611328,536.7142857142857,0.1078167115902965,,3833.261686572,
15.132411280181259,100.0,0.026451779125732523,58815.0,4035.975341796875,604.6734619140625,1784.0,1787029103.1773975,710.0,620.8,45.01700541117213,0.0,8,2160.0,100800,20.409712976776063,0.0010000000474974513,9446.666666666666,650.0,89.01696014404297,620.125,0.0,0.004999999888241291,3836.472306626,0.22283943958568758
