time/elapsed_min,_step,train/q_values,sys/gpu_mem_peak_gb,time/speed,train/epsilon,_runtime,train/episodes_completed,train/episode_length,time/collect,train/qec_size,train/exact_hit_rate,time/step,train/episode_reward,_timestamp,eval/value_return_n,eval/episode_length,eval/num_episodes,eval/return_mean,eval/memory_hit_rate,eval/return_max,eval/hns,eval/return_min,eval/exact_hit_rate,eval/value_return_corr
0.3853363473666832,5120,60.0978037516276,6.61775616,182.31641594475127,0.004999999888241291,71.307187978,12,343.5833333333333,5.533321658149362,523.3333333333334,0.34860736747529203,0.08328721765428782,122.91666666666667,1787087545.1172411,,,,,,,,,,
0.874186213966459,10240,137.43341674804688,6.61912064,174.6607972061841,0.004999999888241291,106.426727764,12,425.5833333333333,5.778762156609446,984.5,0.2297447280799112,0.08403027523308992,225.0,1787087592.701125,472.0,472.0,1.0,275.0,0.0,275.0,0.008358977059837033,275.0,0.0,0.6744228613385501
1.763745364632147,15360,176.5309814453125,6.619625472,170.6429358343978,0.004999999888241291,161.291240903,11,443.0,5.934876749757677,1234.0,0.9292035398230089,0.06595765333622694,225.0,1787087627.820602,,,,,,,,,,
2.249499269730101,20480,171.4985778808594,6.620261888,181.50182500721948,0.004999999888241291,196.237198122,12,435.0,5.567569830920547,1311.1666666666667,0.5966981132075472,0.07424671808257699,268.75,1787087682.6835063,778.0,778.0,1.0,450.0,0.0,450.0,0.021525682599634343,450.0,0.0,0.6448198038380548
3.260546115312415,25600,365.7830291748047,6.620261888,168.07072324242438,0.004999999888241291,238.11897478,12,470.8333333333333,6.011187324300408,1401.3333333333333,0.8821096173733195,0.08148592803627253,512.5,1787087717.6288767,,,,,,,,,,
3.7600522540975363,30720,642.827587890625,6.620261888,176.12410898587203,0.004999999888241291,275.735125817,8,533.25,5.753974978812039,1476.0,,0.06010695407167077,675.0,1787087759.5126483,291.0,291.0,1.0,75.0,0.0,75.0,-0.006688686414217032,75.0,0.0,0.09147102431741001
4.585565051762387,35840,637.4738037109375,6.620261888,166.4517518006686,0.004999999888241291,318.995984201,10,514.9,6.0801187409088016,1590.8333333333333,0.9413407821229051,0.07181411003693938,615.0,1787087797.1291826,,,,,,,,,,
5.082841119915247,40960,606.0307250976563,6.620261888,175.5952457294838,0.004999999888241291,346.90504813,10,514.7,5.75403516786173,1697.1666666666667,0.9782214156079855,0.07755779894068837,745.0,1787087840.3897693,336.0,336.0,1.0,225.0,0.0,225.0,0.0045970611913235164,225.0,0.0,0.3017485581281256
5.771721332209806,45056,519.0629348754883,6.620261888,105.82476804817453,0.004999999888241291,393.974773865,10,490.1,9.54690781980753,1902.5,0.5579458709229702,0.1294658579863608,550.0,1787087868.2988858,,,,,,,,,,
6.380726242593179,50176,558.1183349609375,6.620647424,171.73552724474263,0.004999999888241291,422.788478296,8,608.0,5.875775346998125,1951.6666666666667,0.8708281829419036,0.0868813986890018,712.5,1787087915.368708,226.0,226.0,1.0,50.0,0.0,50.0,-0.008569644348473791,50.0,0.0,0.14655801597339482
7.03644663146697,55296,507.5652587890625,6.620647424,191.388234941426,0.004999999888241291,476.177388179,7,636.8571428571429,5.282356155104935,2050.0,0.9985775248933144,0.06802497105672956,717.8571428571429,1787087944.1825004,,,,,,,,,,
7.6616662213656435,60416,493.97327880859376,6.621190656,172.0643146739853,0.004999999888241291,505.677543679,9,620.2222222222222,5.865436878055334,2274.5,0.9849354375896701,0.08582618273794651,636.1111111111111,1787087997.569757,410.0,410.0,1.0,200.0,0.0,200.0,0.0027161032570667586,200.0,0.0,0.5078107721405228
8.417940119863488,65536,671.9020629882813,6.621190656,172.82526642899268,0.004999999888241291,560.175680887,9,538.5555555555555,5.848789840005338,2492.1666666666665,0.856492027334852,0.07626973697915673,277.77777777777777,1787088027.0717363,,,,,,,,,,
9.049263895310771,70656,716.3960693359375,6.621190656,164.72749884381096,0.004999999888241291,590.126419224,8,596.25,6.137184665072709,2639.5,0.9445196211096076,0.07914234278723598,253.125,1787088081.569672,427.0,427.0,1.0,200.0,0.0,200.0,0.0027161032570667586,200.0,0.0,0.647012602577553
9.825373042747378,75776,669.3070922851563,6.623417344,166.52405142282083,0.004999999888241291,652.572719994,8,689.125,6.063018676824868,2815.8333333333335,0.6144578313253012,0.08624319406226277,493.75,1787088111.5180674,,,,,,,,,,
10.527977921014342,80896,679.8517456054688,6.623417344,102.43092287901145,0.004999999888241291,682.366141843,6,785.1666666666666,9.809960042126477,2916.0,0.9802197802197802,0.18702105712145567,604.1666666666666,1787088173.9182417,524.0,524.0,1.0,275.0,0.0,275.0,0.008358977059837033,275.0,0.0,0.30358995125666394
11.362748231583586,86016,695.1873046875,6.623417344,172.62276786301825,0.004999999888241291,740.584158759,7,819.4285714285714,5.845739488955587,2984.1666666666665,0.8946295037389531,0.08627059683203697,671.4285714285714,1787088203.760232,,,,,,,,,,
11.784736101593202,90112,683.3751068115234,6.623417344,132.68281301094927,0.004999999888241291,774.088482843,5,700.4,7.563649319112301,3058.0,0.9892703862660944,0.1540043600834906,535.0,1787088261.9781063,452.0,452.0,1.0,275.0,0.0,275.0,0.008358977059837033,275.0,0.0,0.6252742541857432
12.891424668580294,95232,662.7822998046875,6.623417344,167.7687366074558,0.004999999888241291,859.696815519,7,643.1428571428571,6.024808084126562,3222.5,0.05588235294117647,0.07883208571001887,542.8571428571429,1787088295.4810667,,,,,,,,,,
13.431791516796997,100352,626.2868286132813,6.623417344,120.54765548392358,0.004999999888241291,861.998844262,6,870.8333333333334,8.361595359165221,3299.0,0.7662508207485227,0.13297051098197699,712.5,1787088381.0883892,518.0,518.0,1.0,300.0,0.0,300.0,0.01023993499409379,300.0,0.0,0.4005056411340021
