train/epsilon,sys/gpu_mem_peak_gb,eval/memory_hit_rate,time/speed,time/step,time/collect,train/q_values,eval/return_min,eval/value_return_n,eval/num_episodes,_runtime,train/exact_hit_rate,train/qec_size,train/episode_length,eval/return_max,eval/episode_length,train/episode_reward,time/elapsed_min,_timestamp,eval/hns,eval/value_return_corr,eval/exact_hit_rate,eval/exact_minus_knn_value,_step,eval/return_mean,train/episodes_completed
0.004999999888241291,5.666699264,,147.6369194445167,0.08937521418556571,6.846559265162796,105.77769978841145,,,,109.891951255,0.11474558670820353,397.55555555555554,538.0,,,383.75,0.4785661632117505,1787121648.6304522,,,,,5120,,8
0.004999999888241291,5.669692416,0.07827317763623497,82.54821912886779,0.11348499916493893,12.291385884862393,469.0848815917969,1290.0,785.0,1.0,143.570173066,0.6317606444188723,637.7777777777778,620.7142857142857,1290.0,785.0,704.2857142857143,1.2364648346789182,1787121729.5016282,0.147901208554701,0.8686615128452,0.0007077140835102619,492.1515844476638,10240,1290.0,7
0.004999999888241291,5.670678016,,152.4998392764394,0.07925144396722317,6.635509731248021,544.7175170898438,,,,219.661349642,0.5330739299610895,849.6666666666666,792.6666666666666,,,1181.6666666666667,2.3877380763490996,1787121763.179688,,,,,15360,,6
0.004999999888241291,5.670678016,0.09581421220970658,114.54739730640787,0.07901153573766351,8.860519384033978,659.3995239257813,1420.0,799.0,1.0,254.065892455,0.426917510853835,1132.7777777777778,757.7142857142857,1420.0,799.0,1350.0,3.200432867417112,1787121839.269943,0.16746685128606476,0.9990955458383947,0.0008343763037129745,611.548741307215,20480,1420.0,7
0.004999999888241291,5.670678016,,157.09291531313974,0.05980716971680522,6.458628101274371,804.00869140625,,,,322.193311595,,1550.2222222222222,705.5,,,1185.0,4.229341285450695,1787121873.6756456,,,,,25600,,8
0.004999999888241291,5.670678016,0.16470167917113254,152.40881079246884,0.07330237980931997,6.645469288807362,1296.42900390625,1860.0,622.0,1.0,363.891465569,0.7459546925566343,1694.2222222222222,536.3333333333334,1860.0,622.0,543.3333333333334,5.001675626363916,1787121941.8029742,0.2336890266845266,0.9975580225448366,0.002500893176134334,869.3391756874316,30720,1860.0,9
0.004999999888241291,5.67154432,,80.74636391923363,0.11666575912386179,12.565019833855331,1485.8466064453125,,,,430.175389184,0.912828947368421,1798.888888888889,657.5,,,1771.25,6.059760962729342,1787121983.5007489,,,,,35840,,8
0.004999999888241291,5.67154432,0.17764763299170327,144.67781725493566,0.07460625190287828,7.003189221024513,1518.878564453125,1950.0,683.0,1.0,464.299719925,0.8093023255813954,1928.0,614.7777777777778,1950.0,683.0,1295.5555555555557,6.766988829833766,1787122049.7850285,0.2472344716523938,0.9999626248373901,0.003253619651862697,1006.6299699807802,40960,1950.0,9
0.004999999888241291,5.67154432,,82.45089839185061,0.1236867681145668,12.29582617804408,1511.3428039550781,,,,553.502729682,0.6544362908605738,2037.7777777777778,666.0,,,1418.3333333333333,7.733242385601625,1787122083.909581,,,,,45056,,6
0.004999999888241291,5.67154432,0.14367030965391622,142.8385219501396,0.06015265919268131,7.108781785238534,1454.0776123046876,2560.0,976.0,1.0,605.518663305,,2184.4444444444443,595.0,2560.0,976.0,1080.0,8.506533489616897,1787122173.1123793,0.33904248754571586,0.9963509456370566,0.002276867030965392,1063.587696889281,50176,2560.0,7
0.004999999888241291,5.67154432,,145.05880500104706,0.08260686416178942,6.976599228102714,1559.2539306640624,,,,674.781848605,0.8281045751633986,2391.3333333333335,678.2222222222222,,,1514.4444444444443,10.086896614567376,1787122225.1286216,,,,,55296,,9
0.004999999888241291,5.67154432,0.18161180476730987,143.36620083334404,0.10042303707450628,7.042125164996833,1505.747509765625,2490.0,881.0,1.0,726.054202466,0.890634820867379,2506.4444444444443,793.6666666666666,2490.0,881.0,2038.3333333333333,10.67358836203348,1787122294.391575,0.3285071414595969,0.9999200769424661,0.0029007441039223107,1009.8687203917247,60416,2490.0,6
0.004999999888241291,5.673839616,,145.2769323276265,0.09453871240839362,6.954068272840232,1650.6119140625,,,,806.979576882,0.6016740521910389,2656.1111111111113,879.0,,,1983.3333333333333,12.095787966779122,1787122345.6634626,,,,,65536,,6
0.004999999888241291,5.673839616,0.1890621133382826,147.11069527877456,0.09093457413837314,6.869810177013278,1570.799365234375,2980.0,898.0,1.0,847.78930023,0.6233183856502242,2793.0,701.625,2980.0,898.0,1792.5,12.683975271865105,1787122426.5890672,0.40225456406242943,0.9997276007753305,0.0023509032417718388,1136.7599517758495,70656,2980.0,8
0.004999999888241291,5.673839616,,149.5456602600735,0.06058580707758665,6.786821187008172,1925.62158203125,,,,954.393524906,,2893.777777777778,873.75,,,2185.0,14.12472125426866,1787122467.3984706,,,,,75776,,4
0.004999999888241291,5.673839616,0.1660839160839161,79.30284053938304,0.14696121774613857,12.765564904082566,1428.7389892578126,3350.0,1144.0,1.0,989.29991057,0.5030425963488844,3058.8888888888887,862.5714285714286,3350.0,1144.0,2014.2857142857142,14.840440625728418,1787122574.0031776,0.4579413933747723,0.9978611834494361,0.0018453768453768455,1176.967625545151,80896,3350.0,7
0.004999999888241291,5.673839616,,150.0919440934342,0.08846693905070424,6.734017813112587,1855.1520141601563,,,,1101.795501391,0.5941629955947136,3229.777777777778,926.8333333333334,,,2376.6666666666665,16.48324220086603,1787122608.909413,,,,,86016,,6
0.004999999888241291,5.673839616,0.18004866180048662,69.65256160572473,0.13213689671829343,14.569404243957251,1904.0050048828125,3370.0,1096.0,1.0,1138.106188142,0.7372675828617623,3324.1111111111113,941.3333333333334,3370.0,1096.0,2006.6666666666667,17.07481427109645,1787122721.4047272,0.4609514922565206,0.9999243873981515,0.002737226277372263,1202.252718545938,90112,3370.0,3
0.004999999888241291,5.673839616,,147.94657502600452,0.07755108503624797,6.843866324052215,1868.9531494140624,,,,1228.261235033,0.15866388308977036,3481.1111111111113,999.8333333333334,,,2945.0,18.963347642566077,1787122757.7161484,,,,,95232,,6
0.004999999888241291,5.673839616,0.16431115707227392,69.21296649349335,0.12370757525786757,14.671208058018237,2442.96806640625,3900.0,967.0,1.0,1236.07145288,0.8191377497371188,3649.8888888888887,780.5,3900.0,967.0,2320.0,19.67824384884443,1787122847.8707643,0.5407191126228497,0.997576145226599,0.0026427668620016085,1681.4911141939633,100352,3900.0,6
