_timestamp,eval/return_max,eval/memory_hit_rate,eval/exact_minus_knn_value,eval/hns,eval/num_episodes,eval/value_return_n,train/exact_hit_rate,time/collect,eval/exact_hit_rate,train/epsilon,eval/return_min,train/episode_length,eval/return_mean,eval/episode_length,_runtime,time/speed,train/episode_reward,eval/value_return_corr,train/q_values,_step,train/qec_size,time/elapsed_min,time/step,sys/gpu_mem_peak_gb,train/episodes_completed
1787075145.5545354,,,,,,,0.044282881692002646,6.426953125745058,,0.004999999888241291,,394.5,,,87.323506517,157.32226913183328,86.66666666666667,,55.70519892374674,5120,209.66666666666666,0.36787798928562554,0.08197918022051454,1.61038336,12
1787075210.4699433,120.0,0.0004789272030651341,16.3393509052676,0.012835226607331069,1.0,464.0,0.15723270440251572,6.06902684411034,0.0004789272030651341,0.004999999888241291,120.0,453.44444444444446,120.0,464.0,129.835942503,166.5754358700535,122.22222222222223,0.4493563928789245,63.876776123046874,10240,379.44444444444446,1.1343377940356731,0.07833812991157174,1.610486272,9
1787075252.982577,,,,,,,0.21836228287841192,6.250155554153025,,0.004999999888241291,,502.5833333333333,,,216.744363717,161.7526495458821,155.0,,92.15252227783203,15360,569.5555555555555,2.1583669950952755,0.08049808815121651,1.61051392,12
1787075339.8908796,80.0,0.004983875696276752,63.79252820174621,0.0034664480618339377,1.0,379.0,0.6038602941176471,9.353397753089666,0.004983875696276752,0.004999999888241291,80.0,453.7,80.0,379.0,249.655520579,107.13722652005639,154.0,0.5460133522936569,90.73615112304688,20480,689.3888888888889,2.758696047045911,0.2044378682039678,1.61051392,10
1787075372.801936,,,,,,,0.45878524945770066,6.591009428724647,,0.004999999888241291,,442.6666666666667,,,315.92957849,153.62937806321963,136.66666666666666,,92.7480484008789,25600,856.6111111111111,4.155361377028749,0.0743823922239244,1.61051392,12
1787075439.0755498,170.0,0.05872261810504091,89.31976250624653,0.024546199789202482,1.0,421.0,0.4072222222222222,6.594207393936813,0.05872261810504091,0.004999999888241291,170.0,454.5833333333333,170.0,421.0,362.957699431,153.43803293013778,137.5,0.9939865096326362,90.90962371826171,30720,1020.1111111111111,4.937699410784989,0.07949651405215263,1.61051392,12
1787075486.104487,,,,,,,0.030800821355236138,6.275327374227345,,0.004999999888241291,,495.6,,,455.833009745,161.24422797758217,169.0,,87.0149154663086,35840,1186.888888888889,6.043737086529533,0.07528754603117704,1.61051392,10
1787075578.9765701,220.0,0.05226337448559671,95.93524552330807,0.0362571729710739,1.0,540.0,0.4396313364055299,6.986169586889446,0.05226337448559671,0.004999999888241291,220.0,514.1,220.0,540.0,483.721244314,145.0596246037862,189.0,0.9942021686888218,101.119140625,40960,1315.5,6.604992775735445,0.07299662008881569,1.61051392,10
1787075606.862643,,,,,,,0.5173160173160173,6.617375653702766,,0.004999999888241291,,471.75,,,554.749236539,152.56909512564727,141.25,,107.14622116088867,45056,1396.0555555555557,8.056369952935105,0.09433748293668032,1.61051392,8
1787075677.8923373,130.0,0.006345785440613027,69.45163460115008,0.015177421243705351,1.0,464.0,0.18977591036414565,11.755315436981618,0.006345785440613027,0.004999999888241291,130.0,481.5833333333333,130.0,464.0,614.23442151,86.52421907810977,182.5,0.6935571905263994,89.69194183349609,50176,1564.611111111111,8.870861906115897,0.07952122390270233,1.61051392,12
1787075737.380871,,,,,,,0.4751173708920188,30.741600996814668,,0.004999999888241291,,457.5,,,754.889907491,33.140067943214234,167.0,,100.8210205078125,55296,1713.2222222222222,10.231681210012175,0.15755110373720527,1.61051392,10
1787075878.03619,220.0,0.06312701116789703,79.30012909222293,0.0362571729710739,1.0,587.0,0.4189189189189189,15.475910743698478,0.06312701116789703,0.004999999888241291,220.0,556.1111111111111,220.0,587.0,839.394285729,65.61794123726982,202.22222222222223,0.9981016274729494,106.40980224609375,60416,1816.2777777777778,11.871957851868745,0.1295773391611874,1.61051392,9
1787075962.5402784,,,,,,,0.07603833865814696,15.259636948816478,,0.004999999888241291,,521.8,,,960.073771324,66.71030995514869,182.0,,97.58238372802734,65536,1972.9444444444443,13.984343852832293,0.09031421598047018,1.61051392,10
1787076083.2196517,200.0,0.059531282695124504,93.34156321371711,0.031572783698325335,1.0,531.0,0.37206349206349204,17.53632122790441,0.059531282695124504,0.004999999888241291,200.0,486.0,200.0,531.0,1045.004769811,57.68241999289848,181.8181818181818,0.9341270457877673,99.40074615478515,70656,2127.0555555555557,15.373318795200127,0.2160546281374991,1.61051392,11
1787076168.1513162,,,,,,,0.46589018302828616,15.146405710838735,,0.004999999888241291,,518.0,,,1187.984870313,67.02647542173536,183.33333333333334,,104.81037139892578,75776,2255.0,17.411187660034436,0.13113937200978398,1.61051392,9
1787076311.1309812,240.0,0.06501736111111112,79.37513582353466,0.04094156224382246,1.0,640.0,0.6840579710144927,20.26621918519959,0.06501736111111112,0.004999999888241291,240.0,477.6666666666667,240.0,640.0,1281.240722693,50.07978013130426,177.5,0.9888949309388042,106.93146209716797,80896,2390.222222222222,18.790056675331048,0.18115493096411228,1.61051392,12
1787076404.3874426,,,,,,,0.7607555089192025,16.35720664728433,,0.004999999888241291,,505.44444444444446,,,1411.802594005,61.951675466655516,181.11111111111111,,103.5871795654297,86016,2467.0,21.34845677705016,0.1718055591918528,1.61051392,9
1787076534.9484284,170.0,0.03158097438860004,90.35546838810245,0.024546199789202482,1.0,577.0,0.5569620253164557,16.100030177272856,0.03158097438860004,0.004999999888241291,170.0,487.1111111111111,170.0,577.0,1503.74565017,62.734275115386225,181.11111111111111,0.9825314090020831,97.37837409973145,90112,2553.6666666666665,22.44344864898206,0.22278535086661577,1.61051392,9
1787076626.8923197,,,,,,,0.48048780487804876,26.60257233772427,,0.004999999888241291,,516.0,,,1669.319460309,38.084790253191805,172.0,,101.72407989501953,95232,2694.777777777778,25.056870018000094,0.28480168199166656,1.61051392,10
1787076792.4471488,230.0,0.04008324285197249,120.84488417004319,0.038599367607448185,1.0,614.0,0.07107843137254902,17.188139570876956,0.04008324285197249,0.004999999888241291,230.0,486.0,230.0,614.0,1669.898872496,59.15336889729219,178.88888888888889,0.9886631596726326,106.92223205566407,100352,2790.0555555555557,26.46520952486899,0.12279333267360926,1.61051392,9
