time/elapsed_min,_step,train/q_values,sys/gpu_mem_peak_gb,time/speed,train/epsilon,_runtime,train/episodes_completed,train/episode_length,time/collect,train/qec_size,train/exact_hit_rate,time/step,train/episode_reward,_timestamp,eval/value_return_n,eval/episode_length,eval/return_std,eval/num_episodes,eval/return_mean,eval/memory_hit_rate,eval/return_max,eval/hns,eval/return_min,eval/exact_hit_rate,eval/exact_minus_knn_value,eval/value_return_corr
0.4217035207819814,5120,83.37254587809245,0.941152256,262.44900593234735,0.004999999888241291,114.713867365,11,388.6363636363636,3.8312246836721897,590.5,0.16274238227146814,0.0704856556840241,138.63636363636363,1787150137.0092418,,,,,,,,,,,,
0.7234960343455896,10240,108.28968811035156,0.941406208,333.0279582876822,0.004999999888241291,158.727709975,12,391.4166666666667,3.01108543202281,1031.1666666666667,0.38516746411483255,0.06373148504644632,412.5,1787150226.0835752,2389.0,477.8,0.0,5.0,600.0,0.08357750802288266,600.0,0.032811430205174894,600.0,0.08092646853634715,164.79618313865063,0.994269001475316
2.639832651716036,15360,116.70143280029296,0.941677056,109.00262156146245,0.004999999888241291,290.89725446,10,493.5,9.080375073011965,1377.1666666666667,0.4654510556621881,0.3138943980447948,577.5,1787150270.0978422,,,,,,,,,,,,
3.3644801378482954,20480,123.65367431640625,0.9417728,136.5236103370284,0.004999999888241291,312.421112803,10,562.1,7.323263954836875,1549.5,0.9099099099099099,0.177270183339715,590.0,1787150402.2669542,3040.0,608.0,0.0,5.0,600.0,0.21228070175438596,600.0,0.032811430205174894,600.0,0.21085526315789474,80.31077063369253,0.9999918951596349
5.201418012877306,25600,113.50719146728515,0.9417728,182.91788866522324,0.004999999888241291,512.496712918,9,557.3333333333334,5.415924539323896,1640.6666666666667,0.7316455696202532,0.18221573811024427,600.0,1787150423.7908452,,,,,,,,,,,,
5.908080555428751,30720,126.80708923339844,0.9417728,134.36611808960177,0.004999999888241291,531.824862578,8,579.875,7.428494596853852,1793.8333333333333,0.891271056661562,0.19247424975037575,609.375,1787150623.8666081,3370.0,674.0,0.0,5.0,650.0,0.2082591493570722,650.0,0.03657334607368841,650.0,0.2073194856577646,112.58811590566393,0.9999486175593283
8.858148167150405,35840,139.81755905151368,0.9417728,278.25054412112473,0.004999999888241291,728.704552814,7,598.2857142857143,3.622806162107736,1918.1666666666667,,0.057330396957695484,628.5714285714286,1787150643.1945202,,,,,,,,,,,,
9.138429159632263,40960,149.6462173461914,0.9417728,315.8521908101158,0.004999999888241291,768.739548732,9,640.6666666666666,3.185586166102439,2043.6666666666667,,0.056436621118336916,600.0,1787150840.0741792,3507.0,701.4,0.0,5.0,650.0,0.2273548141811615,650.0,0.03657334607368841,650.0,0.22668947818648416,93.34988196358705,0.9999559444929982
12.806719326600433,45056,146.88721084594727,0.9417728,244.0499250739417,0.004999999888241291,912.305341551,8,629.375,4.126915012020618,2118.5,0.9439497118910424,0.06894777994602919,634.375,1787150880.1090047,,,,,,,,,,,,
13.109347072810245,50176,143.52183990478517,0.9417728,288.0296765203903,0.004999999888241291,976.426529613,8,568.375,3.492574014700949,2257.3333333333335,0.995575221238938,0.06261520180851221,612.5,1787151023.674439,3333.0,666.6,0.0,5.0,650.0,0.24507450745074508,650.0,0.03657334607368841,650.0,0.24437443744374437,86.41189268572518,1.0
16.26814085174507,55296,177.216796875,0.9417728,79.88336200842826,0.004999999888241291,1122.215949709,8,672.25,12.495627528056502,2527.8333333333335,0.8958837772397095,0.32306179916486144,640.625,1787151087.7959802,,,,,,,,,,,,
16.903351863947076,60416,207.6420440673828,0.9417728,274.53879192673526,0.004999999888241291,1189.529729607,8,683.25,3.660073050763458,2648.0,0.8265452803066603,0.06981879007071257,650.0,1787151233.585366,4044.0,808.8,0.0,5.0,725.0,0.21562809099901087,725.0,0.04221621987645868,725.0,0.21385591823277283,141.12236249279994,0.999909983338509
19.819895164629756,65536,181.38094787597657,0.9417728,78.66863674222438,0.004999999888241291,1346.708363634,6,706.3333333333334,12.811054680030793,2874.6666666666665,0.5136268343815513,0.20556849287822843,675.0,1787151300.8995717,,,,,,,,,,,,
20.683685860348245,70656,207.76722412109376,0.9417728,327.4244538903261,0.004999999888241291,1396.526254416,8,638.625,3.065403341781348,3001.6666666666665,0.8253164556962025,0.06203563790768385,643.75,1787151458.0781097,3962.0,792.4,0.0,5.0,725.0,0.2212266532054518,725.0,0.04221621987645868,725.0,0.21945986875315499,132.30593441965186,0.999959014917783
23.269816667811636,75776,210.2876403808594,0.9417728,69.24831224696764,0.004999999888241291,1580.421652165,8,698.75,14.385294714011252,3199.0,0.7113899613899614,0.40206929203122854,659.375,1787151507.8960137,,,,,,,,,,,,
24.349385055348588,80896,520.7594970703125,0.9417728,79.48791193191423,0.004999999888241291,1616.2075737,7,613.0,12.518586128950119,3458.1666666666665,,0.36387580912560225,775.0,1787151691.7913017,4362.0,872.4,0.0,5.0,1225.0,0.2121351062203882,1225.0,0.07983537856159384,1225.0,0.2104157114473483,453.00381457364074,0.9951130798812355
26.931155209965073,86016,602.8355590820313,0.9417728,78.26152580925756,0.004999999888241291,1826.805773054,9,629.6666666666666,12.793343605007976,3621.8333333333335,0.3263888888888889,0.29099112283438444,738.8888888888889,1787151727.5754764,,,,,,,,,,,,
27.732855446077885,90112,639.5635375976562,0.9417728,84.7091362665446,0.004999999888241291,1844.402206612,8,676.125,11.802584012039006,3791.8333333333335,0.8937841530054644,0.28584050899371505,921.875,1787151938.1752458,4117.0,823.4,0.0,5.0,1200.0,0.22876690146546838,1200.0,0.07795442062733708,1200.0,0.2265808436563841,437.38007977144747,0.9997502724952677
30.73443738874824,95232,578.481005859375,0.9417728,298.8221540388454,0.004999999888241291,2183.016141127,6,639.1666666666666,3.36356596974656,4014.3333333333335,0.46798029556650245,0.06322145601734519,745.8333333333334,1787151955.7719605,,,,,,,,,,,,
31.64818036061091,100352,603.18935546875,0.9417728,62.40413957838164,0.004999999888241291,2183.345167248,7,651.1428571428571,16.103040718939155,4163.833333333333,,0.3061271170154214,800.0,1787152294.3859458,5398.0,1079.6,0.0,5.0,1275.0,0.17525009262689886,1275.0,0.08359729443010736,1275.0,0.17247128566135606,414.3876707970844,0.9804089337309222
