train/q_values,time/collect,_step,eval/value_return_n,train/episodes_completed,eval/return_max,eval/return_std,eval/dnd_top_weight,sys/gpu_mem_peak_gb,eval/hns,eval/return_min,eval/return_mean,_timestamp,train/episode_length,time/elapsed_min,_runtime,eval/dnd_nn_dist,train/episode_reward,train/epsilon,eval/num_episodes,eval/epsilon,train/dnd_blend_rate,eval/value_return_corr,train/dnd_size,train/q_loss,eval/dnd_optimistic_rate,train/updates,time/step,eval/episode_length,train/dnd_rehashed,time/speed
38.472068786621094,3.412613481748849,6400,,15,,,,4.708265472,,,,1787743332.2238836,344.8,0.5155745586302752,121.55881059,,183.33333333333334,0.3606400489807129,,,0.03970223325062035,,826.6666666666666,3682.89306640625,,100,10.386786303948611,,4181,115.94707196311086
44.13687515258789,3.985700011719018,11200,2074.0,14,250.0,0.0,0.042229469394660366,4.708265472,0.006478019125580275,250.0,250.0,1787743422.5919435,342.42857142857144,1.241995562434507,164.634306014,0.1735344963290135,194.64285714285714,0.0010000000474974513,5.0,0.004999999888241291,0.010443864229765013,0.6706393525862204,1615.1666666666667,1901.4368896484375,0.0,100,10.790192125365138,414.8,5937,108.28449376564959
47.77961730957031,4.195896108169109,16000,,10,,,,4.708265472,,,,1787743465.6671278,427.1,2.7396319350848595,261.543535865,,305.0,0.0010000000474974513,,,0.4231234866828087,,2198.1666666666665,1910.898681640625,,100,10.61334522580728,,8497,108.04064596672951
46.74857711791992,3.951918296981603,20800,2366.0,14,350.0,22.360679626464844,0.0327713707250444,4.708265472,0.013249467688904604,300.0,340.0,1787743562.5767565,397.42857142857144,3.47451997603445,304.057310496,0.18775545801493979,219.64285714285714,0.0010000000474974513,5.0,0.004999999888241291,0.22355588897224307,0.7275244615236178,2855.5,1599.8687744140625,0.0,100,10.873583414126188,473.2,10343,107.92214868527677
46.80992889404297,3.548941404093057,25600,,8,,,,4.708265472,,,,1787743605.0901504,425.625,5.063345580315217,384.569024369,,278.125,0.0010000000474974513,,,0.0,,3208.1666666666665,1252.731689453125,,100,10.455668278038502,,10909,114.24809661360541
49.20534133911133,3.5298784053884447,30400,1654.0,8,250.0,0.0,0.03542886379766865,4.708265472,0.006478019125580275,250.0,250.0,1787743685.6020129,485.375,5.785513779264875,428.114543393,0.16829631733379624,340.625,0.0010000000474974513,5.0,0.004999999888241291,0.0,0.9169787665505647,3599.8333333333335,1582.873046875,0.0,100,10.866368026006967,330.8,12376,111.14008138334667
46.31978225708008,3.7659498318098485,35200,,16,,,,4.708265472,,,,1787743729.147461,440.0,7.130978325537096,519.375878109,,265.625,0.0010000000474974513,,,0.47925764192139736,,4283.5,1425.1695556640625,,100,10.81044681975618,,15091,109.76649704631237
49.35395431518555,3.555285098962486,40000,2144.0,11,325.0,11.180339813232422,0.035627202640677945,4.708265472,0.011744701341499198,300.0,320.0,1787743820.4086962,380.6363636363636,7.850066093650336,578.297331982,0.16569126086061664,338.6363636363636,0.0010000000474974513,5.0,0.004999999888241291,0.6328413284132841,0.719687201570638,4544.666666666667,1165.4959716796875,0.0,100,10.850483409129083,428.8,15308,111.06661884100781
51.965492248535156,4.427355690393597,46400,,19,,,,4.708265472,,,,1787743879.3300946,369.2105263157895,9.634016429431115,688.671491898,,326.3157894736842,0.0010000000474974513,,,0.677985285795133,,5109.833333333333,1108.7100830078125,,100,10.687649749219418,,16748,105.85507272175778
52.924198150634766,3.6273337160237134,51200,2431.0,10,425.0,11.180339813232422,0.03433184970597291,4.708265472,0.01926853307852623,400.0,420.0,1787743989.7045393,317.3,10.366854126184869,731.293818893,0.20649241626949186,287.5,0.0010000000474974513,5.0,0.004999999888241291,0.4198966408268734,0.8495391888277758,5385.0,925.2784423828125,0.0,100,10.993500709999353,486.2,17327,109.43287868387463
53.8331298828125,3.8196683269925416,56000,,14,,,,4.708265472,,,,1787744032.3265693,422.7142857142857,12.183952598980007,819.956350072,,367.85714285714283,0.0010000000474974513,,,0.5273722627737226,,5806.333333333333,845.617919921875,,100,10.525486378930509,,18938,111.535918071303
52.94732666015625,3.488675540778786,60800,1989.0,10,425.0,33.541019439697266,0.03625114915855959,4.708265472,0.015130425623161362,350.0,365.0,1787744120.989248,413.5,12.90207570080335,862.483541392,0.1748148811828437,365.0,0.0010000000474974513,5.0,0.004999999888241291,0.3377659574468085,0.9056881545313648,6193.833333333333,777.12451171875,0.0,100,10.64604195812717,397.8,20391,113.19646113364783
55.62353515625,3.713245674967766,65600,,11,,,,4.708265472,,,,1787744163.5164816,426.0,14.370453328918666,958.965854977,,445.45454545454544,0.0010000000474974513,,,0.08811305070656691,,6619.333333333333,1227.433837890625,,100,10.518952602054924,,21549,112.42114316121744
54.67660903930664,3.9786098799668252,70400,2341.0,10,875.0,260.7680969238281,0.030845246744538014,4.708265472,0.018892341491674878,225.0,415.0,1787744259.9989893,472.9,15.108061149716377,1001.231928783,0.18418235675871125,475.0,0.0010000000474974513,5.0,0.004999999888241291,0.30930232558139537,0.3380959286454984,7235.666666666667,1973.696044921875,0.0,100,10.88257455592975,468.2,22849,107.66302019206937
57.25466537475586,3.804709054995328,75200,,11,,,,4.708265472,,,,1787744302.2646627,461.3636363636364,16.682927795584934,1084.267494633,,422.72727272727275,0.0010000000474974513,,,0.2651821862348178,,7725.166666666667,1960.1492919921875,,100,10.20588942291215,,23663,114.1992615463893
57.49418640136719,4.627547286916524,80000,1722.0,14,250.0,22.360679626464844,0.036466007271440476,4.708265472,0.0034684864307694616,200.0,210.0,1787744385.3003616,415.35714285714283,17.415428249398246,1142.90389431,0.13719800987471642,405.35714285714283,0.0010000000474974513,5.0,0.004999999888241291,0.40255439924314096,0.7274363731906887,8229.333333333334,1881.1322021484375,0.0,100,10.765617297962308,344.4,24994,103.9422395036124
56.30966567993164,4.13236934505403,86400,,14,,,,4.708265472,,,,1787744443.9367175,427.0,19.044129392520215,1241.255293747,,323.2142857142857,0.0010000000474974513,,,0.33159268929503916,,8945.833333333334,1709.4510498046875,,100,10.69400460133329,,26631,107.9157996274514
56.46186065673828,4.017511046957225,91200,2393.0,12,150.0,11.180339813232422,0.03884988312061649,4.708265472,-0.0025505789588521647,125.0,130.0,1787744542.2880895,391.5833333333333,19.784684496419505,1285.176677828,0.14861605687710108,379.1666666666667,0.0010000000474974513,5.0,0.004999999888241291,0.3938802083333333,0.09001557094627444,9518.666666666666,1603.953857421875,0.0,100,10.781703979242593,478.6,27919,108.11384233335599
54.69469451904297,3.9518946553580463,96000,,10,,,,4.708265472,,,,1787744586.2097416,482.4,21.415343660799167,1397.947194502,,232.5,0.0010000000474974513,,,0.09973045822102426,,9994.5,1755.36083984375,,100,10.644557163119316,,29851,109.6156805707118
56.08412170410156,5.460455687716603,100800,1812.0,14,325.0,0.0,0.03502976155197049,4.708265472,0.01212089292835055,325.0,325.0,1787744698.9801116,377.07142857142856,22.176884790098605,1406.35651878,0.15081472540544272,285.7142857142857,0.0010000000474974513,5.0,0.004999999888241291,0.5190205509400962,0.9353183651458714,10484.333333333334,1298.3087158203125,0.0,100,10.873562366701663,362.4,28764,97.95507723019863
