time/elapsed_min,time/step,train/epsilon,eval/return_std,eval/dnd_nn_dist,train/updates,train/dnd_size,train/q_values,eval/epsilon,sys/gpu_mem_peak_gb,eval/return_max,_runtime,time/collect,eval/hns,eval/dnd_top_weight,_step,eval/episode_length,train/q_loss,eval/dnd_optimistic_rate,train/dnd_blend_rate,eval/return_min,train/episodes_completed,time/speed,train/episode_length,train/dnd_rehashed,eval/num_episodes,_timestamp,train/episode_reward,eval/value_return_corr,eval/value_return_n,eval/return_mean
0.558439941618902,9.91619527200237,0.3606400489807129,,,100,325.6666666666667,51.8603401184082,,2.768735232,,246.000435526,3.6971344836056232,,,6400,,452.446044921875,,0.036036036036036036,,7,117.53186242630186,448.0,2931,,1788267659.5313935,250.0,,,
2.0641226998530326,18.789669967256486,0.0010000000474974513,99.14635467529297,0.04325062639419061,100,1045.4444444444443,52.37443161010742,0.004999999888241291,2.768735232,800.0,347.379508925,12.091779590118676,0.05398612344415514,0.02440081706572337,11200,646.2,423.9229736328125,0.0,0.11511546536039188,520.0,14,51.811039408216025,503.14285714285717,9256,5.0,1788267870.3744,304.2857142857143,0.38079160194149647,3231.0,666.0
5.762169238521407,11.269240290857852,0.0010000000474974513,,,100,1380.3333333333333,62.54691696166992,,2.768758784,,475.59195863,14.286614646669477,,,16000,,770.9130859375,,0.24979044425817268,,7,62.607962203232354,541.7142857142857,12008,,1788267971.7535255,525.7142857142857,,,
6.3927253547667835,7.230423117056489,0.0010000000474974513,0.0,0.037031702737250635,100,1737.5555555555557,69.68143463134766,0.004999999888241291,2.768790528,390.0,547.192796669,3.4154487438499928,0.012446758876029076,0.025451461485990323,20800,504.8,837.3499755859375,0.0,0.21914357682619648,390.0,6,150.2929981597357,630.6666666666666,14560,5.0,1788268099.9058604,568.3333333333334,0.5067874670807795,2524.0,390.0
9.091441475506873,21.22120253695175,0.0010000000474974513,,,100,2104.0,71.3692855834961,,2.769000448,,829.824964185,10.290618010796607,,,25600,,874.52734375,,0.40964343598055103,,11,50.774597347544436,529.2727272727273,17205,,1788268171.5672112,560.9090909090909,,,
9.850380651738185,9.430892255622894,0.0010000000474974513,17.8885440826416,0.03529622012174145,100,2567.5555555555557,76.79080200195312,0.004999999888241291,2.769000448,420.0,871.478210178,4.601871096063405,0.01214574898785425,0.025689437640853796,30400,487.6,842.852294921875,0.0,0.14457378895981976,380.0,7,114.01888280313158,671.7142857142857,20442,5.0,1788268454.1990209,625.7142857142857,0.8995033803577787,2438.0,388.0
14.49715555103806,10.29723564721644,0.0010000000474974513,,,100,2998.4444444444443,79.14710998535156,,2.769000448,,1090.700273153,4.926028537098318,,,35200,,833.6442260742188,,0.26423520655005583,,9,105.10229479224009,577.1111111111111,23151,,1788268495.8525007,670.0,,,
15.750570419888634,10.299084746744484,0.0010000000474974513,482.83538818359375,0.04894300775762679,100,3169.4444444444443,83.94640350341797,0.004999999888241291,2.76904704,1270.0,1173.602116684,9.975860082078725,0.0931174089068826,0.025015813322023968,40000,637.6,1003.5336303710938,0.0,0.10194174757281553,260.0,6,78.91513459141021,463.3333333333333,24098,5.0,1788268715.0746343,523.3333333333334,-0.07736306300346084,3188.0,926.0
19.532551328488626,9.690581550821662,0.0010000000474974513,,,100,3928.1111111111113,85.43333435058594,,2.76904704,,1374.89193215,4.577000034973025,,,46400,,918.4315185546875,,0.20933165195460277,,14,112.14234103928426,593.2142857142857,28538,,1788268797.976257,642.1428571428571,,,
20.4675099936702,21.594897880218923,0.0010000000474974513,97.62171936035156,0.0422157150081218,100,4253.111111111111,88.04877471923828,0.004999999888241291,2.76904704,770.0,1458.203515607,5.641852107830346,0.04495582679891034,0.02597743607326729,51200,607.2,1014.8733520507812,0.0,0.4793514836341389,520.0,7,58.74416003018112,655.4285714285714,30806,5.0,1788268999.2046232,862.8571428571429,0.724335336047047,3036.0,606.0
24.275907663186082,22.68537549022585,0.0010000000474974513,,,100,4573.222222222223,88.70095825195312,,2.76904704,,1685.504376109,11.408405129332095,,,56000,,1041.806640625,,0.3418160786581839,,7,46.92938040089803,571.7142857142857,31881,,1788269082.577686,775.7142857142857,,,
25.031937006201286,9.818881607614458,0.0010000000474974513,108.25894927978516,0.04983900127214889,100,5048.222222222223,90.1160888671875,0.004999999888241291,2.76904704,840.0,1736.731786934,4.13685358595103,0.07084267718194542,0.026427747500470562,60800,676.6,1363.1707763671875,0.0,0.10152284263959391,590.0,9,114.64820575971557,613.5555555555555,34731,5.0,1788269309.8784287,803.3333333333334,0.679820455731278,3383.0,778.0
28.918045328635102,19.108439713250846,0.0010000000474974513,,,100,5210.222222222223,92.4743423461914,,2.769156096,,1966.709716406,3.6660706447437406,,,65600,,1658.2606201171875,,0.0,,5,70.25398021074682,524.4,34545,,1788269361.1059442,554.0,,,
30.39324915946927,11.148508036974818,0.0010000000474974513,232.5510711669922,0.05669663746172603,100,5770.555555555556,91.52840423583984,0.004999999888241291,2.769156096,1120.0,2037.418287233,11.334908890072256,0.059705311319476845,0.0257938491064668,70400,679.8,2089.819580078125,0.0,0.05717367853290183,600.0,8,71.16356046732531,795.5,37098,5.0,1788269591.0837877,946.25,0.606294884146682,3399.0,704.0
33.929480872155786,11.302706156857312,0.0010000000474974513,,,100,6194.333333333333,91.85077667236328,,2.769214976,,2331.008290601,5.193334160838276,,,75200,,1985.945068359375,,0.05782526712759271,,8,96.99297341578708,697.0,39212,,1788269661.7923977,973.75,,,
34.940817207439494,24.814719967078418,0.0010000000474974513,0.0,0.05230475181327289,100,6389.111111111111,93.66950988769531,0.004999999888241291,2.769214976,690.0,2386.904013071,2.9891609218902886,0.057598242102253054,0.027762031658119156,80000,747.8,1980.6702880859375,0.0,0.05992010652463382,690.0,7,57.54592340505983,498.14285714285717,39445,5.0,1788269955.3824902,717.1428571428571,0.8960444407792567,3739.0,690.0
39.7542551818847,10.262941824272275,0.0010000000474974513,,,100,6949.666666666667,93.86837768554688,,2.769214976,,2552.818287884,4.5138088329695165,,,86400,,1740.6690673828125,,0.0,,8,108.27820250292116,808.625,41860,,1788270011.2783704,658.75,,,
41.139756360153356,11.054196815006435,0.0010000000474974513,21.21320343017578,0.05371025297601444,100,7373.222222222223,96.87648010253906,0.004999999888241291,2.769214976,520.0,2626.656254536,7.646988808643073,0.0274972532847704,0.02619204287789365,91200,448.2,5507.33349609375,0.0,0.50671834625323,460.0,11,85.55607287147832,631.7272727272727,42274,5.0,1788270177.191965,1268.1818181818182,0.8855593673487319,2241.0,490.0
43.75011788918637,10.460470971185714,0.0010000000474974513,,,100,7641.888888888889,97.03810119628906,,2.769214976,,3045.116847701,4.409390964079648,,,96000,,6304.22509765625,,0.4963205233033524,,10,107.60019205056909,452.2,42669,,1788270251.0303261,525.0,,,
45.370948711503296,23.800486222840846,0.0010000000474974513,71.5541763305664,0.06298510214722985,100,7917.0,94.2557144165039,0.004999999888241291,2.769214976,910.0,3068.277976287,42.54384278738871,0.07144469695829507,0.02703310147134512,100800,733.0,6308.6025390625,0.0,0.22602409638554216,750.0,5,24.11660535074969,630.8,44254,5.0,1788270669.48616,904.0,0.653897371203037,3665.0,782.0
