time/elapsed_min,_step,train/q_values,sys/gpu_mem_peak_gb,time/speed,train/epsilon,_runtime,train/episodes_completed,train/episode_length,time/collect,train/qec_size,train/exact_hit_rate,time/step,train/episode_reward,_timestamp,eval/value_return_n,eval/episode_length,eval/num_episodes,eval/return_mean,eval/memory_hit_rate,eval/return_max,eval/hns,eval/return_min,eval/exact_hit_rate,eval/exact_minus_knn_value,eval/value_return_corr
0.4462438337660084,5120,91.16358947753906,9.68616192,172.68225894526043,0.004999999888241291,108.54778028,13,336.3076923076923,5.850446060299873,528.3333333333334,0.22251308900523561,0.0795203777961433,121.15384615384616,1787128149.9721267,,,,,,,,,,,
0.9849600313153739,10240,123.81525421142578,9.68616192,120.19578191176628,0.004999999888241291,149.04295945,9,550.0,8.327606627717614,851.5,0.4338896020539153,0.19182711374014616,300.0,1787128231.5746772,566.0,566.0,1.0,325.0,0.20730270906949352,325.0,0.01212089292835055,325.0,0.002355712603062426,70.48087309887647,0.9992354103680677
2.48123577478497,15360,142.18882751464844,9.68616192,177.487747144066,0.004999999888241291,189.653079016,8,539.125,5.701325061265379,1086.6666666666667,0.34365325077399383,0.06808728678151965,340.625,1787128272.0706868,,,,,,,,,,,
2.981596484578525,20480,177.55504760742187,9.68616192,166.5436748236926,0.004999999888241291,228.217874216,11,542.5454545454545,6.067419143859297,1597.0,0.5842531272994849,0.08111817575991154,593.1818181818181,1787128312.6800923,343.0,343.0,1.0,625.0,0.06705539358600583,625.0,0.03469238813943165,625.0,0.0,293.1354449119041,0.9815110593632886
3.800710801811268,25600,252.69664306640624,9.68616192,162.57026188400886,0.004999999888241291,314.863230516,9,552.3333333333334,6.194676335901022,1970.3333333333333,0.6283967391304348,0.10413863882422447,636.1111111111111,1787128351.2453697,,,,,,,,,,,
4.31809353036806,30720,266.74005432128905,9.68616192,161.88826683953621,0.004999999888241291,346.320240498,7,590.7142857142857,6.248274310026318,2206.5,0.6834437086092715,0.07707600714638829,632.1428571428571,1787128437.889903,792.0,792.0,1.0,675.0,0.11616161616161616,675.0,0.03845430400794517,675.0,0.0008417508417508417,228.49402122975386,0.9921002720216718
5.7691801986501865,35840,295.73065185546875,9.68616192,166.3944440898223,0.004999999888241291,416.269837355,9,637.6666666666666,6.080349077004939,2606.0,0.7864963503649635,0.07370255375280976,661.1111111111111,1787128469.3479145,,,,,,,,,,,
6.463204485713504,40960,305.8966552734375,9.68616192,82.00112709159592,0.004999999888241291,440.534961022,7,723.1428571428571,12.293947701342404,2707.5,0.9281045751633987,0.19368553394451737,839.2857142857143,1787128539.2964056,727.0,727.0,1.0,925.0,0.202888583218707,925.0,0.05726388335051275,925.0,0.0022925263640531865,203.22761965401276,0.9999763177013178
7.339422642734522,45056,324.66651916503906,9.68616192,170.84634332202012,0.004999999888241291,522.450284333,6,716.6666666666666,5.914040064904839,2813.3333333333335,0.9779116465863453,0.07964982092380524,883.3333333333334,1787128563.5619776,,,,,,,,,,,
8.065720493664655,50176,304.87437744140624,9.68616192,109.74145427699897,0.004999999888241291,558.764637268,7,723.7142857142857,9.247746570967138,3019.1666666666665,0.9526558891454965,0.0832761200144887,810.7142857142857,1787128645.477817,845.0,845.0,1.0,950.0,0.22603550295857988,950.0,0.05914484128476951,950.0,0.002564102564102564,186.4783944586669,0.99994740563033
9.309933837417823,55296,339.5285949707031,9.68616192,85.29278361393477,0.004999999888241291,620.957260929,8,606.625,11.827735268045217,3243.5,0.988009592326139,0.17796974722296,740.625,1787128681.7922552,,,,,,,,,,,
9.927714410750195,60416,444.19700317382814,9.68616192,169.82408256617663,0.004999999888241291,664.651169666,6,803.3333333333334,5.944937436841428,3388.6666666666665,0.9779499404052443,0.08483163081109524,987.5,1787128743.984778,778.0,778.0,1.0,600.0,0.049914310197086545,600.0,0.032811430205174894,600.0,0.00021422450728363326,513.8684984375955,0.5894191645312141
11.074700540079114,65536,492.1067199707031,9.68616192,146.72788655301545,0.004999999888241291,716.248559246,8,661.625,6.898148174863309,3860.8333333333335,0.6393659180977543,0.08075695391744375,818.75,1787128787.678479,,,,,,,,,,,
11.583894972448858,70656,442.12091674804685,9.68616192,161.59843281906961,0.004999999888241291,759.091508443,8,733.75,6.258171021007001,4112.333333333333,0.6733380986418871,0.0785240950062871,1321.875,1787128839.275942,713.0,713.0,1.0,1375.0,0.16339410939691446,1375.0,0.09112112616713439,1375.0,0.0011687704534829358,329.6880108466289,0.9998942691319077
12.648702182900161,75776,409.755419921875,9.68616192,166.08933049036222,0.004999999888241291,847.04040268,6,744.5,6.094490533228964,4342.666666666667,0.8497023809523809,0.07086636824533343,1200.0,1787128882.1191761,,,,,,,,,,,
13.159472878711918,80896,437.5155334472656,9.68616192,170.49125444125903,0.004999999888241291,880.607006643,7,686.5714285714286,5.941746158059686,4526.833333333333,,0.06442702282220125,1200.0,1787128970.0676727,838.0,838.0,1.0,1425.0,0.18834526650755767,1425.0,0.0948830420356479,1425.0,0.0013922036595067622,309.48932525387556,0.9998990322527036
14.673949242499656,86016,442.734814453125,9.68616192,168.41772053420087,0.004999999888241291,954.677012665,9,693.8888888888889,5.9915048303082585,4767.666666666667,0.8359788359788359,0.08861546078696847,1136.111111111111,1787129003.633989,,,,,,,,,,,
15.211933699715882,90112,427.4591598510742,9.68616192,81.30581917812346,0.004999999888241291,985.437846745,4,742.5,12.477306126151234,4800.833333333333,,0.11711836094036698,1325.0,1787129077.7032986,835.0,835.0,1.0,1425.0,0.2063872255489022,1425.0,0.0948830420356479,1425.0,0.001996007984031936,260.7132116672585,0.9999761185452545
16.419911793332236,95232,407.5856658935547,9.68616192,169.9148815883691,0.004999999888241291,1084.262435241,8,804.625,5.936105774715543,4918.5,0.9584859584859585,0.09044110821560025,1393.75,1787129108.4659116,,,,,,,,,,,
17.211502882644222,100352,478.48720703125,9.68616192,60.541187235034016,0.004999999888241291,1092.728952053,6,709.8333333333334,16.724556429777294,5011.0,0.9012693935119888,0.18954860791563988,1362.5,1787129207.289828,824.0,824.0,1.0,1425.0,0.2113673139158576,1425.0,0.0948830420356479,1425.0,0.0020226537216828477,253.952543287188,0.9999740541170847
