time/step,time/speed,train/dnd_rehashed,eval/return_min,eval/value_return_n,_timestamp,sys/gpu_mem_peak_gb,train/episode_reward,eval/return_std,train/updates,_runtime,train/dnd_size,eval/dnd_nn_dist,eval/return_mean,eval/num_episodes,train/dnd_blend_rate,eval/dnd_top_weight,train/q_values,train/episodes_completed,eval/epsilon,train/q_loss,time/elapsed_min,eval/hns,eval/return_max,eval/value_return_corr,eval/dnd_optimistic_rate,train/episode_length,time/collect,_step,eval/episode_length,train/epsilon
10.50615710625425,106.6806582582241,2282,,,1788275682.293747,2.782942208,175.0,,100,256.401198895,798.3333333333334,,,,0.048102618920363445,,37.409664154052734,15,,4435.5048828125,0.7551095104698713,,,,,335.2,4.4918755842372775,6400,,0.3606400489807129
8.877689183223993,115.8768679980212,3148,125.0,3377.0,1788275892.7728026,2.783188992,256.8181818181818,41.079193115234375,100,305.229507463,1468.5,0.025984353879335197,155.0,5.0,0.005398110661268556,0.0319068580813461,41.32344055175781,11,0.004999999888241291,2520.288330078125,1.427111171434323,-0.0006696210245954064,200.0,0.5797626070568742,0.0,370.27272727272725,4.930070964619517,11200,675.4,0.0010000000474974513
9.26568078668788,113.64377580950834,4622,,,1788275941.601307,2.783274496,156.25,,100,496.495771905,2077.0,,,,0.23859817570811329,,35.830806732177734,12,,2566.6298828125,5.076916351215914,,,,,391.8333333333333,4.813400875311345,16000,,0.0010000000474974513
20.29074843414128,48.046568545326316,6647,150.0,2290.0,1788276132.7979326,2.783274496,300.0,62.7495002746582,100,537.444895406,2710.0,0.024724732066492457,215.0,5.0,0.14594414893617022,0.028676123678510714,40.54050064086914,11,0.004999999888241291,2072.37890625,6.183254955383018,0.0038446780176208135,275.0,0.5686412949985173,0.0,536.0,13.010276976041496,20800,458.0,0.0010000000474974513
8.703023537062109,121.88266835881376,7612,,,1788276173.8165412,2.783274496,316.6666666666667,,100,700.405321962,3155.6666666666665,,,,0.4306569343065693,,45.25384521484375,12,,1750.536865234375,8.947166994283908,,,,,364.5,4.42435561819002,25600,,0.0010000000474974513
21.290257775224745,47.77428122748834,9038,350.0,1451.0,1788276336.7767262,2.783274496,340.625,0.0,100,741.140620836,3439.0,0.024040292055672773,350.0,5.0,0.7540152155536771,0.02683095952875479,47.99696350097656,16,0.004999999888241291,1509.5013427734375,10.21330322928261,0.014001850862607308,350.0,0.9400745201295967,0.0,336.25,12.200565297156572,30400,290.2,0.0010000000474974513
9.190220925025642,123.26259934060985,9561,,,1788276377.512483,2.783274496,359.375,,100,957.802181672,3697.6666666666665,,,,0.6833396013538925,,52.969852447509766,16,,1214.0252685546875,12.342100974715626,,,,,310.5,3.7901965621858835,35200,,0.0010000000474974513
20.81719719711691,49.511696736494294,9978,325.0,2094.0,1788276594.1737947,2.783550464,393.75,11.180339813232422,100,1084.113642911,3829.6666666666665,0.02535851201100648,345.0,5.0,0.0,0.026023274974880307,54.393802642822266,8,0.004999999888241291,843.3002319335938,13.566760211569878,0.013625659275755956,350.0,0.9688858476149689,0.0,344.75,11.498399024829268,40000,418.8,0.0010000000474974513
19.987804574891925,49.37952342565685,10764,,,1788276720.4852016,2.783550464,350.0,,100,1294.607670656,4303.666666666667,,,,0.4807467911318553,,55.37038040161133,20,,1129.334228515625,18.058301185886375,,,,,393.65,12.414290240965784,46400,,0.0010000000474974513
21.108371458016336,49.54584513571726,11185,400.0,1540.0,1788276930.9795747,2.783550464,361.6666666666667,0.0,100,1388.397851255,4589.166666666667,0.02249838460974589,400.0,5.0,0.6534903280067283,0.026527408721909184,57.75393295288086,15,0.004999999888241291,1015.75146484375,19.68838163408606,0.017763766731120824,400.0,0.9221411211508996,0.0,344.53333333333336,11.184951940085739,51200,308.0,0.0010000000474974513
20.47712290706113,51.1559393799317,11559,,,1788277024.7695262,2.783550464,410.0,,100,1588.799041211,4949.666666666667,,,,0.5355839416058394,,58.90081024169922,10,,731.1715698242188,23.12971268876766,,,,,387.3,10.799792723730206,56000,,0.0010000000474974513
20.50751261599362,49.821283971953186,12559,350.0,1543.0,1788277225.1704988,2.783550464,383.3333333333333,0.0,100,1684.01337702,5331.333333333333,0.024927748120024712,350.0,5.0,0.5828050713153724,0.02589671555395504,60.31767272949219,15,0.004999999888241291,1006.3707885742188,24.72348230978629,0.014001850862607308,350.0,0.9578302532761164,0.0,356.06666666666666,11.607275933027267,60800,308.6,0.0010000000474974513
21.004665988031775,48.356606172949405,14139,,,1788277320.3848534,2.783550464,400.0,,100,1781.906643019,5611.166666666667,,,,0.7012647187091147,,62.74106216430664,15,,751.5935668945312,28.05663695303568,,,,,323.4,12.082850416190922,65600,,0.0010000000474974513
10.156843414064497,105.49275481076428,15377,250.0,1617.0,1788277418.2784498,2.783550464,435.0,78.26238250732422,100,1871.220938835,6108.666666666667,0.02472494896495543,390.0,5.0,0.5292732166890982,0.026528280596220966,63.68876647949219,15,0.004999999888241291,804.1727294921875,28.77347414200194,0.01701138355741812,425.0,0.8062367580646623,0.0,367.2,5.010074947960675,70400,323.4,0.0010000000474974513
20.69646312482655,49.852672770997586,15163,,,1788277507.592757,2.783550464,375.0,,100,1984.900151118,6378.0,,,,0.4323271665043817,,65.40202331542969,11,,733.6880493164062,31.176758810303486,,,,,335.45454545454544,11.398104950785637,75200,,0.0010000000474974513
9.958574736956507,112.5127279981703,16009,425.0,1700.0,1788277621.2717566,2.783550464,398.0769230769231,0.0,100,2131.812756013,6699.0,0.022552302322240876,425.0,5.0,0.7483423749246534,0.02658070199264615,64.01960754394531,13,0.004999999888241291,596.2592163085938,32.02933746903048,0.019644724665377585,425.0,0.9387845709666514,0.0,420.53846153846155,4.262038596905768,80000,340.0,0.0010000000474974513
24.500742367003113,40.20263630648723,16257,,,1788277768.184411,2.783550464,413.2352941176471,,100,2286.69684316,7139.5,,,,0.612464854732896,,65.62149047851562,17,,783.2481079101562,35.51996065091807,,,,,351.4117647058824,15.297642689198256,86400,,0.0010000000474974513
8.604627753607929,111.14554426650807,17314,450.0,2366.0,1788277923.0685487,2.783550464,453.3333333333333,0.0,100,2337.604064335,7485.5,0.02414343263164045,450.0,5.0,0.7392802450229708,0.0262368162986333,67.8427505493164,15,0.004999999888241291,807.6044921875,36.821727446404594,0.021525682599634343,450.0,0.9529033325106836,0.0,367.6,5.790911091957241,91200,473.2,0.0010000000474974513
19.895345508120954,63.87678362604591,18323,,,1788277973.9756536,2.783550464,391.6666666666667,,100,2476.320544462,7815.166666666667,,,,0.0,,67.44324493408203,9,,500.607421875,38.949815818450105,,,,,360.8888888888889,5.152878731954843,96000,,0.0010000000474974513
10.717968903947622,82.8758931711888,19487,350.0,1430.0,1788278112.6912835,2.783550464,429.6875,0.0,100,2480.284038342,8296.5,0.02394692766613659,350.0,5.0,0.6133982035928144,0.026451684494387784,68.18807220458984,16,0.004999999888241291,735.1487426757812,40.039264285967995,0.014001850862607308,350.0,0.961030894638611,0.0,378.125,8.58800704125315,100800,286.0,0.0010000000474974513
