eval/dnd_nn_dist,time/elapsed_min,eval/num_episodes,train/epsilon,eval/dnd_optimistic_rate,train/q_values,_step,train/updates,time/step,time/collect,eval/dnd_top_weight,eval/return_min,eval/return_std,train/dnd_blend_rate,time/speed,eval/episode_length,sys/gpu_mem_peak_gb,eval/return_mean,train/dnd_size,eval/epsilon,eval/value_return_corr,_timestamp,train/dnd_rehashed,train/episode_length,eval/value_return_n,train/q_loss,train/episodes_completed,_runtime,eval/return_max,train/episode_reward,eval/hns
,0.5119082631155227,,0.3606400489807129,,25.531234741210938,6400,100,8.637741751037538,3.8607985619455576,,,,0.037760416666666664,128.01494894071507,,3.589932544,,790.3333333333334,,,1788278219.109315,4488,311.4375,,952.2489013671875,16,176.049779204,,117.1875,
0.01985729006667117,1.4130514741021518,5.0,0.0010000000474974513,0.0,34.863826751708984,11200,100,20.89963508490473,6.499738524667919,0.027254439347714255,75.0,44.72135925292969,0.013665594855305467,58.3954955612927,439.0,3.590509056,95.0,1426.8333333333333,0.004999999888241291,0.18729984817956627,1788278364.1730702,5721,357.54545454545456,2195.0,2731.953369140625,11,217.551424263,175.0,202.27272727272728,-0.005183920066811626
,3.621339692734182,,0.0010000000474974513,,36.87663650512695,16000,100,9.566742214839906,3.3304842757061124,,,,0.25751776927282666,124.05768024410823,,3.590509056,,2196.5,,,1788278405.6747832,8385,466.45454545454544,,1690.364013671875,11,387.861478198,,227.27272727272728,
0.023832116138519193,4.9004436591640115,5.0,0.0010000000474974513,0.0,39.6346435546875,20800,100,9.734500142280012,10.584561115596443,0.025666295308487443,525.0,229.53758239746094,0.4278096800656276,78.74379528137787,553.8,3.590509056,640.0,2788.1666666666665,0.004999999888241291,0.45464664909359287,1788278575.9847643,10781,489.90909090909093,2769.0,2060.618408203125,11,446.573129277,1050.0,302.27272727272725,0.03582096289998571
,7.438312204251997,,0.0010000000474974513,,45.04825973510742,25600,100,20.19662946695462,10.518513089045882,,,,0.18962495618647038,52.09157004831887,,3.590509056,,3489.1666666666665,,,1788278634.6968956,12620,417.0,,2687.409912109375,12,555.656507597,,447.9166666666667,
0.026726849492018423,8.353325523381743,5.0,0.0010000000474974513,0.0,47.64220428466797,30400,100,8.657883413136005,4.112885165028274,0.025362417896040806,350.0,0.0,0.48242811501597443,125.28611650951946,340.0,3.590509056,350.0,3957.3333333333335,0.004999999888241291,0.852929876510468,1788278743.779928,12644,357.7857142857143,1700.0,2092.735595703125,14,631.555567744,350.0,298.2142857142857,0.014001850862607308
,10.521405562595465,,0.0010000000474974513,,50.42041778564453,35200,100,19.70128375524655,11.680910012684762,,,,0.08727810650887574,50.98432607458439,,3.590509056,,4387.166666666667,,,1788278819.6790113,14177,331.5833333333333,,2043.24365234375,12,717.859309509,,302.0833333333333,
0.022833084113650978,11.151768432782653,5.0,0.0010000000474974513,0.0,54.34235382080078,40000,100,8.309162336867303,4.211669925134629,0.02587505654445844,275.0,11.180339813232422,0.0,127.78703256457324,289.0,3.590509056,295.0,4654.833333333333,0.004999999888241291,0.924102149948631,1788278905.9824173,14548,315.64285714285717,1445.0,1958.52880859375,14,807.766562093,300.0,376.7857142857143,0.009863743407242439
,13.45825033178553,,0.0010000000474974513,,54.63020324707031,46400,100,9.313547251746058,3.3501376169733703,,,,0.0,126.34553185638411,,3.590509056,,5194.5,,,1788278995.8897612,16149,391.125,,2095.143310546875,16,945.465360799,,326.5625,
0.02504733892752775,14.161717408980865,5.0,0.0010000000474974513,0.0,56.40829086303711,51200,100,11.362097853329033,4.009334594942629,0.02626351204259276,250.0,33.541019439697266,0.4840899448451421,104.08919307841745,289.0,3.590509056,310.0,5600.166666666667,0.004999999888241291,0.8615130271559044,1788279133.5885844,17034,438.1666666666667,1445.0,2145.101318359375,12,985.604168556,325.0,377.0833333333333,0.010992318167796495
,16.42221220297894,,0.0010000000474974513,,57.30828857421875,56000,100,9.865155166946352,3.5285735679790378,,,,0.0,119.45889241640766,,3.590509056,,5993.666666666667,,,1788279173.727191,18028,428.0,,2747.756103515625,8,1166.051611669,,575.0,
0.029851097794858717,17.250035783834754,5.0,0.0010000000474974513,0.0,57.0975341796875,60800,100,19.28542281128466,4.618463377933949,0.027671490458707357,250.0,123.2375717163086,0.5544217687074829,66.93472297076319,556.8,3.590509056,340.0,6719.0,0.004999999888241291,0.015848118504228965,1788279354.1749096,18721,487.14285714285717,2784.0,2842.231201171875,14,1207.204166751,475.0,467.85714285714283,0.013249467688904604
,20.115546680730766,,0.0010000000474974513,,55.86579895019531,65600,100,10.978058074135333,4.072798358742148,,,,0.0,106.30624291285635,,3.590509056,,7124.333333333333,,,1788279395.3272488,19310,397.3333333333333,,2736.593994140625,9,1382.864469327,,325.0,
0.029183089333985533,21.831469745864162,5.0,0.0010000000474974513,0.0,56.21067810058594,70400,100,22.012475992087275,15.317759286146611,0.026158220718573856,300.0,22.360679626464844,0.540759493670886,42.86069959309661,396.2,3.590509056,310.0,7672.166666666667,0.004999999888241291,0.9087660276038175,1788279570.987814,21843,431.2307692307692,1981.0,2116.74658203125,13,1422.757290827,350.0,336.53846153846155,0.010992318167796495
,23.70809406801903,,0.0010000000474974513,,58.82339859008789,75200,100,9.938262215349823,4.221644202712923,,,,0.5646090534979424,112.99509705509058,,3.590509056,,8076.5,,,1788279610.8801985,22555,454.90909090909093,,2622.631103515625,11,1594.754310308,,343.1818181818182,
0.03139844483513091,25.001229543432903,5.0,0.0010000000474974513,0.0,57.29325866699219,80000,100,19.597183350939304,12.798191755078733,0.026377783377296155,400.0,0.0,0.29108962633916907,49.38976612444814,579.0,3.590509056,400.0,8654.333333333334,0.004999999888241291,0.8975490638661975,1788279782.8775303,24433,452.27272727272725,2895.0,2400.612060546875,11,1680.692036238,400.0,363.6363636363636,0.017763766731120824
,28.007019751130915,,0.0010000000474974513,,58.02363586425781,86400,100,9.658509430009872,10.656278545036912,,,,0.33410672853828305,78.76035929911374,,3.590509056,,9033.833333333334,,,1788279868.8157737,26852,471.72727272727275,,2292.792236328125,11,1826.850464448,,420.45454545454544,
0.02862994212403947,28.65251507436236,5.0,0.0010000000474974513,0.0,57.61188507080078,91200,100,8.325680706650019,4.369422659743577,0.025584476003983385,350.0,11.180339813232422,0.17468619246861924,126.0328454067976,424.6,3.590509056,370.0,9475.5,0.004999999888241291,0.8647526897270065,1788280014.973709,27340,439.0833333333333,2123.0,2140.56494140625,12,1874.075046691,375.0,470.8333333333333,0.015506617210012714
,31.230068778184553,,0.0010000000474974513,,57.24898147583008,96000,100,9.088371557649225,3.448868776205927,,,,0.04180064308681672,127.61979170802147,,3.590509056,,10033.833333333334,,,1788280062.1984882,29544,499.1111111111111,,1948.299072265625,9,2132.249563526,,380.55555555555554,
0.0312734265197839,32.233091690531,5.0,0.0010000000474974513,0.0,57.40424728393555,100800,100,21.382411004044116,12.100521911866963,0.02532761243300392,425.0,273.86126708984375,0.0,47.78553909892644,649.4,3.590509056,725.0,10523.5,0.004999999888241291,0.23617072465513111,1788280320.3728697,31044,484.1111111111111,3247.0,1968.380859375,9,2136.262765675,925.0,388.8888888888889,0.04221621987645868
