_runtime,time/speed,eval/exact_hit_rate,eval/value_return_corr,train/episodes_completed,eval/num_episodes,time/collect,train/episode_length,time/step,eval/return_max,eval/return_mean,_step,train/episode_reward,eval/memory_hit_rate,train/qec_size,eval/episode_length,train/exact_hit_rate,_timestamp,eval/value_return_n,eval/hns,train/q_values,sys/gpu_mem_peak_gb,train/epsilon,time/elapsed_min,eval/return_min
121.052871157,93.66061446374128,,,13,,10.835199668072164,346.0769230769231,0.09789110720157623,,,5120,70.76923076923077,,206.05555555555554,,0.07961165048543689,1787090294.8760726,,,74.33771514892578,11.233892864,0.004999999888241291,0.6427153680706397,
184.946164028,93.84119971214473,0.0,0.7076526367702912,14,1.0,10.817554373294115,368.07142857142856,0.09449708322063088,110.0,110.0,10240,67.85714285714286,0.0,383.27777777777777,402.0,0.0008375209380234506,1787090377.2040274,402.0,0.010493031970956785,59.79296951293945,11.235261952,0.004999999888241291,1.702165319522222,110.0
272.318604984,96.29433993463428,,,13,,10.521192475222051,382.84615384615387,0.11286972090601921,,,15360,93.84615384615384,,556.6666666666666,,0.26107226107226106,1787090441.097843,,,64.93270874023438,11.235261952,0.004999999888241291,3.079767448967323,
318.169692996,54.8794153578453,0.0,0.21507243922185867,12,1.0,18.45765714114532,459.4166666666667,0.20143376430496573,140.0,140.0,20480,133.33333333333334,0.0,732.3333333333334,461.0,0.014156285390713477,1787090528.4697003,461.0,0.017519615880079633,64.9699920654297,11.235261952,0.004999999888241291,4.0760978248358395,140.0
369.237266065,118.86059341998451,,,12,,8.525514280889183,416.5,0.08962022699415684,,,25600,110.83333333333333,,935.2777777777778,,0.05761843790012804,1787090574.3208914,,,76.9765640258789,11.235261952,0.004999999888241291,5.300154470799801,
405.428742441,136.38854088560885,0.0,0.46528588505904694,12,1.0,7.407815501093864,446.5833333333333,0.10014662938192487,90.0,90.0,30720,142.5,0.0,1124.0555555555557,412.0,0.1256575102279369,1787090625.3881068,412.0,0.0058086426982082206,77.78196411132812,11.235261952,0.004999999888241291,5.91186836323856,90.0
456.370589066,136.46894618207548,,,9,,7.434832249302417,448.3333333333333,0.06870631128549576,,,35840,131.11111111111111,,1212.5555555555557,,0.15384615384615385,1787090661.5798972,,,91.24538726806641,11.235261952,0.004999999888241291,6.754470606070632,
484.897056332,141.99737670634389,0.0,0.7792285980217912,12,1.0,7.119745644275099,478.1666666666667,0.09165518404915929,90.0,90.0,40960,151.66666666666666,0.0,1406.111111111111,423.0,0.10609357997823722,1787090712.5216544,423.0,0.0058086426982082206,88.32067108154297,11.235261952,0.004999999888241291,7.355257167682672,90.0
542.218002099,146.4323682691299,,,8,,6.910791649948806,440.875,0.08219775604084134,,,45056,130.0,,1524.0555555555557,,0.23978494623655913,1787090741.0485191,,,96.14702224731445,11.235261952,0.004999999888241291,8.078947527054698,
577.795224148,146.50240270086996,0.0,0.7961231510878809,12,1.0,6.911629849113524,470.3333333333333,0.07801660802215338,160.0,160.0,50176,160.83333333333334,0.0,1676.4444444444443,549.0,0.3412384716732543,1787090798.3691323,549.0,0.0222040051528282,96.48952789306641,11.235261952,0.004999999888241291,8.676012881705537,160.0
632.386175638,140.09173386284988,,,10,,7.229487139265984,473.2,0.08000908698886633,,,55296,160.0,,1823.8333333333333,,0.24536532170119957,1787090833.9463995,,,92.24307403564453,11.235261952,0.004999999888241291,9.627240792219528,
668.310159165,141.4755195739953,0.0,0.9084627762240647,11,1.0,7.150901940185577,487.45454545454544,0.08709939802065492,230.0,230.0,60416,162.72727272727272,0.0,1974.4444444444443,548.0,0.2836411609498681,1787090888.5373163,548.0,0.038599367607448185,92.56729583740234,11.235261952,0.004999999888241291,10.223609795918067,230.0
721.717468692,141.0975902565001,,,9,,7.168936775997281,506.8888888888889,0.08845151914283633,,,65536,167.77777777777777,,2080.9444444444443,,0.31673306772908366,1787090924.4610803,,,89.52397003173829,11.235261952,0.004999999888241291,11.135815865872427,
758.461866167,137.60358202772835,0.0,0.7771091552563144,12,1.0,7.362620730884373,471.0833333333333,0.07904601143673062,130.0,130.0,70656,160.0,0.0,2212.6111111111113,419.0,0.13275193798449614,1787090977.8685224,419.0,0.015177421243705351,95.01118774414063,11.235261952,0.004999999888241291,11.754151026454444,130.0
812.63988212,136.42890903593405,,,10,,7.4244150896556675,494.7,0.08132549887523055,,,75776,143.0,,2346.722222222222,,0.36254295532646047,1787091014.6135154,,,100.77947692871093,11.235261952,0.004999999888241291,12.638363667950035,
849.891031595,135.3528063493102,0.0,0.8063060315495755,11,1.0,7.449618304148316,452.3636363636364,0.11579557694494724,130.0,130.0,80896,143.63636363636363,0.0,2493.777777777778,459.0,0.617269544924154,1787091068.7909188,459.0,0.015177421243705351,96.4518814086914,11.235261952,0.004999999888241291,13.253764446304801,130.0
892.939527059,143.33202887696729,,,11,,7.068703535012901,467.0,0.0755475303158164,,,86016,163.63636363636363,,2623.5,,0.1444866920152091,1787091106.0417676,,,97.98331146240234,11.235261952,0.004999999888241291,14.162162138700175,
928.811908411,140.40474989146708,0.0,0.7387330365025377,8,1.0,7.221428805030882,501.375,0.07177175115793943,80.0,80.0,90112,190.0,0.0,2717.4444444444443,401.0,0.3120879120879121,1787091149.0898118,401.0,0.0034664480618339377,102.4851303100586,11.235261952,0.004999999888241291,14.647014117939397,80.0
991.33902836,143.3516963870517,,,11,,7.046407910063863,491.27272727272725,0.09686298109591007,,,95232,175.45454545454547,,2846.1111111111113,,0.501002004008016,1787091184.9630423,,,99.81498870849609,11.235261952,0.004999999888241291,15.477521047733413,
998.037821162,118.2631279515094,0.0,0.7050021053863891,10,1.0,8.564575252123177,482.8,0.09408292593434453,160.0,160.0,100352,154.0,0.0,2980.8333333333335,445.0,0.5204081632653061,1787091247.4900982,445.0,0.0222040051528282,107.92116241455078,11.235261952,0.004999999888241291,16.103034795968174,160.0
