time/speed,eval/dnd_nn_dist,eval/return_mean,train/q_loss,eval/return_max,train/episode_length,_step,train/episodes_completed,eval/value_return_n,eval/dnd_optimistic_rate,train/epsilon,train/updates,eval/return_min,train/dnd_rehashed,eval/hns,time/step,train/dnd_size,_runtime,time/collect,train/q_values,eval/value_return_corr,eval/episode_length,sys/gpu_mem_peak_gb,train/dnd_blend_rate,train/episode_reward,eval/epsilon,eval/return_std,_timestamp,time/elapsed_min,eval/num_episodes,eval/dnd_top_weight
65.13985426635217,,,92.85356903076172,,348.1333333333333,6400,15,,,0.3606400489807129,100,,5201,,16.174475236795843,289.6666666666667,151.718786242,8.388060525991023,12.115087509155273,,,4.253985792,0.0,60.666666666666664,,,1788277914.1714125,0.9713976411459346,,
143.20873189395357,0.06794121760169006,82.0,79.77947235107422,170.0,429.7,11200,10,2021.0,0.0,0.0010000000474974513,100,50.0,9429,0.003934886989108794,7.852279100101441,528.3333333333334,185.889973057,3.320223992690444,14.99068832397461,0.1421123928691574,404.2,4.254595584,0.0005530973451327434,102.0,0.004999999888241291,50.19960021972656,1788278006.9894192,1.5959631951448197,5.0,0.03965697901660248
129.43206611251782,,,73.2697525024414,,418.72727272727275,16000,11,,,0.0010000000474974513,100,,13612,,8.616323861293495,767.9444444444445,328.499580877,3.7453732672147453,15.385509490966797,,,4.254595584,0.22875816993464052,86.36363636363636,,,1788278041.1607294,3.087901390514647,,
72.96069557396594,0.06608313078905396,132.0,62.458309173583984,140.0,400.46153846153845,20800,13,1847.0,0.0,0.0010000000474974513,100,120.0,17444,0.015645860170980207,11.120882525108755,992.0,360.568016673,10.808732967358083,18.090850830078125,-0.003717786482995333,369.4,4.254595584,0.2852882703777336,124.61538461538461,0.004999999888241291,10.954451560974121,1788278183.7700598,4.3317232989628485,5.0,0.03792573041826888
147.4506507888242,,,62.50182342529297,,390.5,25600,12,,,0.0010000000474974513,100,,20609,,7.657477363944054,1174.888888888889,472.102192551,3.193610721733421,20.1859073638916,,,4.254595584,0.2541123085649461,141.66666666666666,,,1788278215.8386784,5.999198923795484,,
140.61138661387307,0.08018426351532755,186.0,63.482582092285156,210.0,423.8181818181818,30400,11,2227.0,0.0,0.0010000000474974513,100,170.0,24317,0.028293711207401335,8.05942143080756,1403.1666666666667,525.958702267,3.319457894191146,22.255815505981445,0.6819699245423169,445.4,4.254595584,0.0163265306122449,162.72727272727272,0.004999999888241291,15.165750503540039,1788278327.372811,6.537263044396726,5.0,0.036616242695392556
133.6194402648033,,,62.69820022583008,,455.72727272727275,35200,11,,,0.0010000000474974513,100,,28668,,8.203535777051002,1676.8333333333333,616.900299655,3.770769734401256,23.731786727905273,,,4.254595584,0.006607929515418502,176.36363636363637,,,1788278381.2296515,8.755712435844664,,
144.8133247517495,0.07181880771206874,190.0,62.00695037841797,210.0,482.7,40000,10,2193.0,0.0,0.0010000000474974513,100,180.0,32584,0.029230589061951046,7.826165912207216,1938.2222222222222,700.100757694,3.222541123162955,25.30504608154297,0.8225930730054347,438.6,4.254595584,0.034482758620689655,185.0,0.004999999888241291,12.247448921203613,1788278472.171009,9.32283013581764,5.0,0.03781759244104212
68.12316490782612,,,57.314090728759766,,453.42857142857144,46400,14,,,0.0010000000474974513,100,,37555,,15.262312320061028,2253.5,807.917337094,8.22455888101831,26.706382751464844,,,4.254595584,0.003810330228619814,195.71428571428572,,,1788278555.371287,11.658070418533558,,
140.9150372518486,0.08194712585033684,198.0,58.17123031616211,220.0,510.2,51200,10,2303.0,0.0,0.0010000000474974513,100,180.0,41441,0.031104344771050476,8.158082178328186,2535.3888888888887,847.710347794,3.1962773790583014,27.107234954833984,0.8043296862705793,460.6,4.254595584,0.0019933554817275745,205.0,0.004999999888241291,20.4939022064209,1788278663.187549,12.39527580884751,5.0,0.035663556314294166
91.03572935747306,,,61.632659912109375,,430.77777777777777,56000,9,,,0.0010000000474974513,100,,44299,,14.066578049212694,2748.5555555555557,964.207207263,3.508938852697611,27.8605899810791,,,4.254595584,0.027472527472527472,182.22222222222223,,,1788278702.9811165,14.118240494645821,,
137.7948281052824,0.07861792841999043,210.0,56.04480743408203,220.0,492.0,60800,9,2363.0,0.0,0.0010000000474974513,100,180.0,47536,0.033914978334699614,8.899866375140846,2986.9444444444443,996.754042048,2.711599904112518,28.595266342163086,0.8596863264803203,472.6,4.254595584,0.04220779220779221,220.0,0.004999999888241291,17.32050895690918,1788278819.4776852,15.038866728396776,5.0,0.03588099207146844
148.66193703713915,,,57.204246520996094,,505.0,65600,11,,,0.0010000000474974513,100,,51265,,6.99734963523224,3294.3888888888887,1115.916640973,3.7653246033005416,28.583242416381836,,,4.254595584,0.005099439061703213,201.8181818181818,,,1788278852.0246513,16.602291817264632,,
93.25894005718915,0.07512518691067582,198.0,53.037410736083984,220.0,461.1818181818182,70400,11,2291.0,0.0,0.0010000000474974513,100,180.0,54677,0.031104344771050476,8.956089606042951,3570.0555555555557,1147.843746633,8.200442507863045,29.270090103149414,0.8799807891782824,458.2,4.254595584,0.0005053057099545225,190.9090909090909,0.004999999888241291,16.431676864624023,1788278971.1875038,17.572505996360753,5.0,0.03833835955495664
162.1582810782596,,,47.79513168334961,,514.625,75200,8,,,0.0010000000474974513,100,,56974,,6.7104862979613245,3792.722222222222,1271.117822642,3.156416516751051,29.109315872192383,,,4.254595584,0.08199643493761141,207.5,,,1788279003.114586,19.12046797443181,,
142.47557348115967,0.07468548052492552,204.0,45.75958251953125,220.0,466.8181818181818,80000,11,2263.0,0.0,0.0010000000474974513,100,170.0,59876,0.03250966155287505,8.220165166072547,4055.722222222222,1318.126612159,3.0098299896344543,29.268226623535156,0.8823445915990223,452.6,4.254595584,0.011130638547158758,203.63636363636363,0.004999999888241291,23.021728515625,1788279126.3888948,19.66639554158319,5.0,0.03713724720196453
139.66682241507127,,,47.611572265625,,459.5,86400,14,,,0.0010000000474974513,100,,63189,,8.606541963294148,4359.277777777777,1447.508032957,2.8492925171740353,30.443246841430664,,,4.254595584,0.008417508417508417,201.42857142857142,,,1788279173.3972619,21.958513374549025,,
160.45443605105018,0.07886512966218437,214.0,48.032264709472656,250.0,452.4,91200,10,2368.0,0.0,0.0010000000474974513,100,190.0,65612,0.03485185618924933,6.354024037253112,4571.722222222223,1506.761822048,3.6176541498862207,30.477914810180664,0.8780438021709499,473.6,4.254595584,0.007047216349541931,210.0,0.004999999888241291,23.021728515625,1788279302.776406,22.48026070445,5.0,0.036697651837526275
122.60934880993875,,,46.6281623840332,,440.44444444444446,96000,9,,,0.0010000000474974513,100,,66436,,6.978045987896621,4786.944444444444,1642.395592984,6.071529884822667,30.504535675048828,,,4.254595584,0.06335797254487856,197.77777777777777,,,1788279362.0326517,25.102437073015608,,
106.74835548473597,0.07511025501454202,202.0,46.04969787597656,220.0,442.7142857142857,100800,14,2450.0,0.0,0.0010000000474974513,100,140.0,69398,0.03204122262560019,9.19723748601973,5081.666666666667,1643.699547161,5.791283814702183,30.87481117248535,0.9362561841062601,490.0,4.254595584,0.20057142857142857,178.57142857142858,0.004999999888241291,34.928497314453125,1788279497.586847,25.704143185315964,5.0,0.03817281724817527
