time/speed,eval/value_return_corr,_runtime,time/step,eval/return_mean,eval/episode_length,train/dnd_blend_rate,eval/dnd_nn_dist,eval/num_episodes,eval/return_max,eval/hns,train/episodes_completed,_timestamp,train/dnd_size,eval/epsilon,train/epsilon,eval/dnd_top_weight,train/q_values,train/q_loss,eval/return_min,train/episode_length,train/episode_reward,_step,time/elapsed_min,time/collect,sys/gpu_mem_peak_gb,train/updates,train/dnd_rehashed,eval/return_std,eval/dnd_optimistic_rate,eval/value_return_n
90.00711117729627,,137.723037984,13.67274648975581,,,0.0018648018648018648,,,,,15,1788885596.264536,297.3333333333333,,0.3606400489807129,,12.710577011108398,55.6728515625,,358.0,64.66666666666667,6400,0.662317889300175,4.103626722004265,4.231348736,100,5347,,,
88.15079852094428,0.4082427480608626,192.295766582,14.072006552945822,82.0,381.2,0.0,0.10584263603147187,5.0,90.0,0.003934886989108794,9,1788885693.9852514,501.55555555555554,0.004999999888241291,0.0010000000474974513,0.048728645973557305,17.77131462097168,56.25828170776367,80.0,409.0,127.77777777777777,11200,1.5943655182685081,4.078708209097385,4.231348736,100,8990,4.4721360206604,0.0,1906.0
85.77408906564504,,305.33478262,14.34003672003746,,,0.2027818448023426,,,,,14,1788885748.557803,797.7777777777778,,0.0010000000474974513,,19.542705535888672,53.38640594482422,,420.64285714285717,125.0,16000,3.2005518298984197,4.313615186139941,4.231348736,100,14151,,,
84.49545052826039,0.8046126019096782,358.37318539299997,14.661610865034163,232.0,520.4,0.04730012557555462,0.14676960011807885,5.0,240.0,0.03906780653472304,9,1788885861.5969222,1033.611111111111,0.004999999888241291,0.0010000000474974513,0.036936871632275034,22.861478805541992,51.66130828857422,220.0,484.22222222222223,205.55555555555554,20800,4.125743793036478,4.274319886229932,4.231348736,100,18115,10.954451560974121,0.0,2602.0
89.91404745137321,,464.538888715,13.674608089961112,,,0.0009823182711198428,,,,,9,1788885914.6349092,1249.9444444444443,,0.0010000000474974513,,25.827274322509766,51.50539016723633,,491.77777777777777,208.88888888888889,25600,5.968503184771786,4.120164199266583,4.231348736,100,21767,,,
86.73276521545476,0.8108755212766141,518.603145366,14.389993337914348,190.0,462.2,0.0009950248756218905,0.12978884291223047,5.0,210.0,0.029230589061951046,8,1788886020.8008165,1456.888888888889,0.004999999888241291,0.0010000000474974513,0.04047710220287149,27.122854232788086,46.13273239135742,110.0,498.375,211.25,30400,6.884227279069212,4.0574756897985935,4.231348736,100,25165,44.72135925292969,0.0,2311.0
88.42108720930361,,628.042025472,13.956954897847027,,,0.0007462686567164179,,,,,11,1788886074.8650308,1730.9444444444443,,0.0010000000474974513,,27.954959869384766,41.91401290893555,,489.72727272727275,193.63636363636363,35200,8.6390055699662,4.138276121113449,4.231348736,100,29392,,,
84.15678003621487,0.8767452168962616,699.2236879,14.776627923827618,198.0,490.8,0.18528610354223432,0.13582280012715053,5.0,230.0,0.031104344771050476,11,1788886184.3038409,2005.7777777777778,0.004999999888241291,0.0010000000474974513,0.0382531125093491,28.308876037597656,37.952327728271484,180.0,501.09090909090907,209.0909090909091,40000,9.563340018449042,4.235506325028837,4.231348736,100,33502,19.235383987426758,0.0,2454.0
87.24194606699481,,812.407976,14.058929611928761,,,0.012910166756320602,,,,,12,1788886255.4857044,2298.6111111111113,,0.0010000000474974513,,28.984792709350586,36.84797286987305,,486.5,210.83333333333334,46400,11.649351457684922,4.280872193630785,4.231348736,100,38085,,,
88.20590146842922,0.9343836808729631,865.692173464,14.066563955973834,226.0,525.4,0.0425531914893617,0.13780370776042092,5.0,240.0,0.037662489752898466,10,1788886368.6698437,2526.8888888888887,0.004999999888241291,0.0010000000474974513,0.03666838828773025,29.58452606201172,37.3107795715332,210.0,471.5,189.0,51200,12.560814060131088,4.072811906225979,4.231348736,100,41007,13.416407585144043,0.0,2627.0
88.5990833026509,,977.913432671,13.802225916646421,,,0.19886069394096323,,,,,10,1788886421.9541192,2753.6111111111113,,0.0010000000474974513,,29.6834659576416,34.47624588012695,,504.4,218.0,56000,14.423820150938505,4.2566516739316285,4.231348736,100,44322,,,
86.44555194763981,0.9423256059708371,1031.39533847,14.285362887661904,224.0,520.0,0.0022099447513812156,0.13310964852927698,5.0,240.0,0.03719405082562361,10,1788886534.1753383,2987.222222222222,0.004999999888241291,0.0010000000474974513,0.03761532888294031,30.015913009643555,33.44850158691406,220.0,458.6,189.0,60800,15.349871179399392,4.223397412337363,4.231348736,100,47406,8.9442720413208,0.0,2600.0
88.21612596854754,,1135.92056385,13.930112739093602,,,0.2079806529625151,,,,,11,1788886587.657279,3232.222222222222,,0.0010000000474974513,,30.384401321411133,31.51596450805664,,489.90909090909093,224.54545454545453,65600,17.185539002204315,4.20716071780771,4.231348736,100,49839,,,
87.75699522027695,0.7863455997545014,1188.550311169,13.994585375767201,198.0,443.0,0.3969585736759308,0.12009826179566704,5.0,240.0,0.031104344771050476,10,1788886692.1827602,3441.3888888888887,0.004999999888241291,0.0010000000474974513,0.03875895964543765,31.299163818359375,31.34078025817871,160.0,462.3,213.0,70400,18.09685280798779,4.237579433247447,4.231348736,100,52482,28.635643005371094,0.0,2215.0
90.60902089450873,,1295.641104125,13.518980807159096,,,0.16923076923076924,,,,,9,1788886744.812448,3646.8333333333335,,0.0010000000474974513,,31.42485237121582,35.51290512084961,,463.3333333333333,212.22222222222223,75200,19.80479961330226,4.139305136166513,4.231348736,100,54733,,,
86.7554294156166,0.8963709642108734,1366.322912371,14.181318799965084,210.0,461.6,0.05114899925871016,0.12375317370205777,5.0,230.0,0.033914978334699614,11,1788886851.9028468,3917.5555555555557,0.004999999888241291,0.0010000000474974513,0.04047939036710982,31.99993133544922,36.15671157836914,150.0,465.8181818181818,216.36363636363637,80000,20.714583631814456,4.261330965906382,4.231348736,100,57189,34.64101791381836,0.0,2308.0
88.56847518290762,,1474.83508759,13.835816328879446,,,0.0,,,,,13,1788886922.5849347,4188.0,,0.0010000000474974513,,32.06000518798828,29.81720542907715,,448.38461538461536,208.46153846153845,86400,22.767670276349723,4.229302176274359,4.231348736,100,60708,,,
88.95085573003023,0.9476074443180245,1527.22855131,13.824461101088673,228.0,489.8,0.43831048536495,0.12712916478958425,5.0,240.0,0.03813092868017332,13,1788887031.0969193,4446.111111111111,0.004999999888241291,0.0010000000474974513,0.040259691426118675,32.51089096069336,30.670589447021484,200.0,457.9230769230769,213.84615384615384,91200,23.672221579185376,4.162999355234206,4.231348736,100,62616,17.8885440826416,0.0,2449.0
90.22446009326984,,1656.305730411,13.517815190833062,,,0.15774843641417652,,,,,9,1788887083.4904616,4647.222222222223,,0.0010000000474974513,,32.51337432861328,29.09664535522461,,477.0,231.11111111111111,96000,25.44942748353351,4.215735094156116,4.231348736,100,64627,,,
81.90351950563168,0.9354037807572638,1657.753359839,14.234237771946937,228.0,462.8,0.03347280334728033,0.12572412031006105,5.0,250.0,0.03813092868017332,9,1788887212.5672514,4861.833333333333,0.004999999888241291,0.0010000000474974513,0.04132300732273801,32.73394775390625,29.001102447509766,170.0,454.1111111111111,201.11111111111111,100800,26.385038111281272,5.300942274741828,4.231348736,100,65905,33.466400146484375,0.0,2314.0
