train/episodes_completed,train/epsilon,eval/num_episodes,_step,time/elapsed_min,eval/return_max,time/speed,train/q_loss,train/episode_reward,sys/gpu_mem_peak_gb,eval/value_return_n,eval/return_mean,_timestamp,eval/episode_length,train/dnd_blend_rate,time/collect,train/dnd_rehashed,eval/dnd_top_weight,eval/return_min,_runtime,eval/dnd_optimistic_rate,train/updates,eval/epsilon,time/step,eval/value_return_corr,train/dnd_size,train/q_values,eval/return_std,eval/dnd_nn_dist,train/episode_length,eval/hns
15,0.3606400489807129,,6400,0.43606190094724295,,143.8244351320632,88.87918090820312,71.33333333333333,3.965979136,,,1788285322.78502,,0.0009896091044037606,3.3828148981556296,5440,,,107.222723514,,100,,7.741859421133995,,302.72222222222223,14.39622688293457,,,363.93333333333334,
10,0.0010000000474974513,5.0,11200,0.9869903002322341,130.0,145.30782693992592,82.52310180664062,102.0,3.9661312,1983.0,98.0,1788285403.503466,396.6,0.0012437810945273632,3.237486024852842,9412,0.033544382605456,70.0,142.027079611,0.0,100,0.004999999888241291,7.773620766121894,0.5445084334977128,525.5555555555555,16.919227600097656,22.803508758544922,0.03309838634627022,401.4,0.007682398407307647
12,0.0010000000474974513,,16000,2.3614587178143363,,125.60803062929615,83.11402130126953,95.83333333333333,3.9661312,,,1788285438.3079052,,0.172090112640801,4.905269175767899,13826,,,219.41612188,,100,,7.832769881002605,,775.5,17.505046844482422,,,397.9166666666667,
13,0.0010000000474974513,5.0,20800,2.91157979699783,160.0,150.58443522555714,86.5103530883789,78.46153846153847,3.9661312,1944.0,98.0,1788285515.696852,388.8,0.0,2.7391668311320245,16706,0.033012736581477145,60.0,252.658066799,0.0,100,0.004999999888241291,7.886101295705885,0.4320329067406844,941.9444444444445,17.536495208740234,39.623226165771484,0.03369320799106567,325.61538461538464,0.007682398407307647
14,0.0010000000474974513,,25600,4.205305007131149,,142.6318090030376,69.89411926269531,124.28571428571429,3.9661312,,,1788285548.9388533,,0.27104451300132215,3.3838313496671617,20031,,,327.305457762,,100,,7.833862734027207,,1135.7777777777778,18.900880813598633,,,417.7142857142857,
9,0.0010000000474974513,5.0,30400,4.746450900333002,180.0,151.701220348598,72.6002197265625,144.44444444444446,3.9661312,1721.0,108.0,1788285623.5856092,344.2,0.30705962988348184,3.208620530087501,23264,0.031904782097195244,60.0,361.12387909,0.0,100,0.004999999888241291,7.338427122682333,0.25379364837120283,1328.0,20.540876388549805,57.619441986083984,0.033399838667535015,441.0,0.01002459304368193
11,0.0010000000474974513,,35200,6.013061901352679,,142.84784618176863,79.20938110351562,146.36363636363637,3.9661312,,,1788285657.4046185,,0.017777777777777778,3.2824761997908354,26912,,,442.213756735,,100,,7.918252706993371,,1551.111111111111,21.42475700378418,,,428.72727272727275,
12,0.0010000000474974513,5.0,40000,6.567618885613046,160.0,145.93744707788085,72.3607406616211,141.66666666666666,3.9661312,1948.0,136.0,1788285738.4945705,389.6,0.043400713436385255,3.4184308061376214,31235,0.03157091966756674,110.0,487.131208883,0.0,100,0.004999999888241291,7.5451706000603735,0.5743531319420455,1826.6666666666667,22.341283798217773,20.736440658569336,0.03739596518194726,444.25,0.01658273802552992
14,0.0010000000474974513,,46400,8.113183600564177,,139.02493008842066,73.56986236572266,160.71428571428572,3.9661312,,,1788285783.4119983,,0.005124919923126201,3.595382717438042,36346,,,570.110549978,,100,,7.913344522938132,,2169.222222222222,23.156869888305664,,,443.2142857142857,
11,0.0010000000474974513,5.0,51200,8.664815627449814,170.0,146.08162708298653,73.06802368164062,163.63636363636363,3.9661312,1913.0,144.0,1788285866.391363,382.6,0.0725604670558799,3.1501702670939267,40229,0.03140741265409455,70.0,602.561042693,0.0,100,0.004999999888241291,7.802610256709158,0.306300574487985,2430.4444444444443,23.84520149230957,41.59326934814453,0.037296766979254624,436.72727272727275,0.018456493734629348
12,0.0010000000474974513,,56000,10.037021775869652,,148.65732356398922,70.53826904296875,145.0,3.9661312,,,1788285898.8418047,,0.0010970927043335162,3.1548155932687223,44103,,,689.193764006,,100,,7.608192657120526,,2699.8333333333335,24.288875579833984,,,404.6666666666667,
11,0.0010000000474974513,5.0,60800,10.584822098701261,180.0,145.78987245995364,71.86241149902344,183.63636363636363,3.9661312,2229.0,154.0,1788285985.47439,445.8,0.00819672131147541,3.1741404477506876,46653,0.03161693114942769,120.0,722.32613467,0.0,100,0.004999999888241291,7.800558775197715,0.5014601720572591,2955.1666666666665,24.966205596923828,26.07680892944336,0.03894797334351915,470.45454545454544,0.02079868837100363
10,0.0010000000474974513,,65600,12.033104689163157,,147.04388055981724,73.81208038330078,164.0,3.9661312,,,1788286018.6068196,,0.0208110992529349,3.2300396231003106,50228,,,809.209179022,,100,,7.651066029909998,,3204.3333333333335,25.377344131469727,,,453.1,
10,0.0010000000474974513,5.0,70400,12.573533946733612,210.0,148.11760461581306,74.40889739990234,180.0,3.9661312,2216.0,182.0,1788286105.4899108,443.2,0.001040582726326743,3.0687660118564963,52407,0.032569810014305506,110.0,842.277003057,0.0,100,0.004999999888241291,7.733461070805788,0.7130872295950927,3411.4444444444443,25.980133056640625,41.47288131713867,0.04002417448607923,433.1,0.02735683335285162
13,0.0010000000474974513,,75200,14.032290705751317,,142.876425723292,68.90291595458984,195.3846153846154,3.9661312,,,1788286138.5577428,,0.2191592005513439,3.4328977609984577,55842,,,931.613507748,,100,,7.7655906663276255,,3686.8888888888887,26.481351852416992,,,467.53846153846155,
8,0.0010000000474974513,5.0,80000,14.58430466085362,230.0,142.81598548248857,65.76725006103516,203.75,3.9661312,2536.0,204.0,1788286227.8945472,507.2,0.394240317775571,3.1842076061293483,57162,0.03093223438208614,160.0,976.226701851,0.0,100,0.004999999888241291,8.019020061939955,0.8196095602890326,3838.6666666666665,27.10847282409668,35.7770881652832,0.04514059655181566,490.375,0.03250966155287505
13,0.0010000000474974513,,86400,16.26478832180146,,144.0864974933262,72.47532653808594,196.92307692307693,3.9661312,,,1788286272.50768,,0.24646781789638933,3.2739233002066612,60037,,,1070.722269572,,100,,7.8305176282301545,,4119.722222222223,27.71162223815918,,,468.46153846153845,
11,0.0010000000474974513,5.0,91200,16.82230322245353,250.0,143.9642979625687,66.55728149414062,216.36363636363637,3.9661312,2526.0,212.0,1788286367.0033906,505.2,0.05953200275292498,3.2014397028833628,62839,0.032102636447836876,180.0,1103.769618033,0.0,100,0.004999999888241291,7.912426878232509,0.8579604548974895,4381.888888888889,27.947256088256836,25.884357452392578,0.0425509198118872,490.09090909090907,0.03438341726197447
9,0.0010000000474974513,,96000,18.390494126050424,,144.32286999707756,66.2884292602539,215.55555555555554,3.9661312,,,1788286400.0503623,,0.05758157389635317,3.2677128450013697,64776,,,1222.097349681,,100,,7.8185411910526454,,4624.166666666667,28.483686447143555,,,498.0,
9,0.0010000000474974513,5.0,100800,18.959178727096877,220.0,128.71408944621155,64.60408782958984,203.33333333333334,3.9661312,2264.0,166.0,1788286518.3780813,452.8,0.019368723098995694,4.303875406738371,66275,0.030991610839654345,140.0,1226.196954204,0.0,100,0.004999999888241291,8.126776178367436,0.5869768720270966,4836.555555555556,28.08462905883789,32.86335372924805,0.041544532979187504,476.55555555555554,0.023609321934652767
