eval/episode_length,train/episode_length,eval/value_return_corr,time/collect,eval/return_min,train/updates,eval/value_return_n,time/elapsed_min,_runtime,train/epsilon,eval/return_max,_timestamp,eval/return_std,eval/hns,eval/dnd_nn_dist,train/q_loss,train/dnd_blend_rate,train/episode_reward,eval/epsilon,sys/gpu_mem_peak_gb,time/speed,train/q_values,eval/dnd_optimistic_rate,time/step,train/dnd_size,eval/return_mean,eval/dnd_top_weight,eval/num_episodes,train/episodes_completed,_step,train/dnd_rehashed
,310.5625,,2.801561683882028,,100,,0.4133280929177999,131.992965823,0.3606400489807129,,1788271672.0973835,,,,2172.01806640625,0.04204993429697766,117.1875,,3.387808256,168.58947536390792,26.682775497436523,,6.68894771207124,795.6666666666666,,,,16,6400,4754
520.8,349.92857142857144,0.05203887867888489,3.100942282937467,200.0,100,2604.0,0.8766853767835224,157.645486469,0.0010000000474974513,200.0,1788271770.984179,0.0,0.0027161032570667586,0.04759488296606833,2044.924072265625,0.03600405679513185,171.42857142857142,0.004999999888241291,3.387808256,174.29183769373475,31.96670150756836,0.0,6.079063052777201,1570.1666666666667,200.0,0.03284770005353509,5.0,14,11200,8670
,414.6363636363636,,2.8416771260090172,,100,,2.48909593388283,260.873965491,0.0010000000474974513,,1788271796.642366,,,,1652.593994140625,0.09159964253798034,256.8181818181818,,3.387808256,217.64679950879963,36.60102462768555,,4.5096829840913415,2250.0,,,,11,16000,11946
291.2,520.125,0.5034953196990751,6.295763150323182,325.0,100,1456.0,3.0984694900146375,304.34757282,0.0010000000474974513,325.0,1788271899.870726,0.0,0.01212089292835055,0.04035333569649643,1072.530029296875,0.0,343.75,0.004999999888241291,3.387808256,85.04900396133368,41.21059036254883,0.0,12.51692042592913,2829.5,325.0,0.0292337404303048,5.0,8,20800,14786
,456.5833333333333,,3.4403467453084886,,100,,4.934122080262751,413.282099648,0.0010000000474974513,,1788271943.3442817,,,,1722.95556640625,0.48724905046120454,418.75,,3.387808256,151.11685524588654,44.71207046508789,,7.147486077155918,3427.1666666666665,,,,12,25600,18088
595.6,453.0,0.8598331155861528,3.5274992426857352,400.0,100,2978.0,5.409973897063173,464.887235265,0.0010000000474974513,425.0,1788272052.2792084,11.180339813232422,0.018139958317972178,0.0505450588555826,2406.870849609375,0.0,477.5,0.004999999888241291,3.387808256,163.61150069951987,49.18174743652344,0.0,6.25176439806819,3999.6666666666665,405.0,0.029986915154516437,5.0,10,30400,19935
,419.9,,6.768393291160464,,100,,7.609785882500001,567.286951979,0.0010000000474974513,,1788272103.8843856,,,,2861.001220703125,0.005494505494505495,342.5,,3.387808256,85.65019437805032,50.653221130371094,,11.912241488695145,4538.666666666667,,,,10,35200,22183
353.0,441.84615384615387,0.9223278482433466,3.632921847049147,325.0,100,1765.0,8.427271697352019,605.049710409,0.0010000000474974513,325.0,1788272206.2838385,0.0,0.01212089292835055,0.04011946896001401,2319.9345703125,0.4640455250905329,480.7692307692308,0.004999999888241291,3.387808256,162.8765884803047,49.84947204589844,0.0,6.190466614905745,5212.166666666667,325.0,0.031071966846769886,5.0,13,40000,24653
,390.94117647058823,,2.7861357340589166,,100,,9.945827783900313,736.882213588,0.0010000000474974513,,1788272244.0467172,,,,2075.920166015625,0.50111557340473,345.5882352941176,,3.387808256,166.33177584358705,53.37409210205078,,6.8331928150728345,5823.166666666667,,,,17,46400,26831
374.4,475.8888888888889,0.8538781295197824,5.532399875111878,375.0,100,1872.0,10.511534080382747,766.232362351,0.0010000000474974513,375.0,1788272375.8787165,0.0,0.015882808796864066,0.04178217116251961,2210.970947265625,0.17978339350180506,408.3333333333333,0.004999999888241291,3.387808256,97.27871334540231,54.46012496948242,0.0,10.915186086669564,6247.0,375.0,0.030644355342123775,5.0,9,51200,28429
,429.90909090909093,,2.6722252513282,,100,,12.632209885430832,876.27388253,0.0010000000474974513,,1788272405.2293136,,,,1597.5657958984375,0.2681215900233827,359.09090909090907,,3.387808256,165.40916333119725,54.53754806518555,,7.000757597852498,6700.5,,,,11,56000,30372
531.4,443.09090909090907,0.9134508267919353,2.5410683271475136,400.0,100,2657.0,13.069025413583343,934.298470102,0.0010000000474974513,400.0,1788272515.2706683,0.0,0.017763766731120824,0.06353474025472133,1973.2508544921875,0.44598337950138506,461.3636363636364,0.004999999888241291,3.387808256,178.10441432456233,55.500144958496094,0.0,6.442426024004817,7186.166666666667,400.0,0.03066114180692951,5.0,11,60800,32308
,502.0,,7.366218665149063,,100,,15.433312363767376,1034.473452202,0.0010000000474974513,,1788272573.2956593,,,,1292.49267578125,0.0,361.1111111111111,,3.387808256,82.96249541593077,53.51239013671875,,11.919604307971895,7837.0,,,,9,65600,34939
437.8,475.5,0.647219193852389,3.1998905749060214,350.0,100,2189.0,16.00453469644611,1060.775024427,0.0010000000474974513,650.0,1788272673.470289,134.16407775878906,0.018516149904823528,0.04926030315332272,1591.1378173828125,0.3423005565862709,375.0,0.004999999888241291,3.387808256,187.32879480548257,54.351444244384766,0.0,5.341241618152708,8635.0,410.0,0.02918324979353717,5.0,12,70400,37747
,426.0,,3.080239425878972,,100,,17.541248886380345,1233.869493473,0.0010000000474974513,,1788272699.77207,,,,1216.093994140625,0.28444444444444444,388.8888888888889,,3.387808256,181.01938513471623,54.6142463684082,,5.758592939004302,9139.0,,,,9,75200,39606
524.4,408.7,0.9216444030581971,2.6106332447379827,325.0,100,2622.0,17.980708407928855,1280.458111096,0.0010000000474974513,425.0,1788272872.8665202,48.733970642089844,0.01701138355741812,0.049574467275142975,1159.22412109375,0.055424528301886794,360.0,0.004999999888241291,3.387808256,169.5686243628486,55.40581512451172,0.0,6.825074605178088,9566.166666666666,390.0,0.029501927980668644,5.0,10,80000,41519
,518.3333333333334,,2.554305633995682,,100,,21.202635946512842,1395.78877129,0.0010000000474974513,,1788272919.4551828,,,,1279.457763671875,0.36363636363636365,376.6666666666667,,3.387808256,175.87095067429885,54.92591094970703,,6.543274119030684,10341.5,,,,15,86400,44220
597.0,427.55555555555554,0.7590385138654505,2.7082277787849307,375.0,100,2985.0,21.630805033779083,1461.168994564,0.0010000000474974513,500.0,1788273034.7856822,48.733970642089844,0.022278065773337047,0.046482382011186436,1194.4705810546875,0.27502876869965476,386.1111111111111,0.004999999888241291,3.387808256,187.89021921253448,57.885013580322266,0.0,5.807383127976209,10830.333333333334,460.0,0.029149848985574652,5.0,9,91200,44533
,471.5833333333333,,10.994416349101812,,100,,24.213379672480126,1712.071176134,0.0010000000474974513,,1788273100.099772,,,,1121.8592529296875,0.46829908176650636,395.8333333333333,,3.387808256,61.726169502014145,57.17808532714844,,14.926518206018955,11417.166666666666,,,,12,96000,46854
512.2,432.44444444444446,0.8736004647263971,3.8025198290124536,450.0,100,2561.0,25.206246515697178,1713.071426154,0.0010000000474974513,450.0,1788273351.0679462,0.0,0.021525682599634343,0.055442425830452884,1174.3272705078125,0.0,402.77777777777777,0.004999999888241291,3.387808256,139.18622139435448,56.42535400390625,0.0,7.692870907019824,11867.333333333334,450.0,0.03153974152194729,5.0,9,100800,48493
