eval/exact_hit_rate,train/episode_length,train/exact_hit_rate,time/speed,eval/hns,train/qec_size,eval/return_min,train/episode_reward,time/step,sys/gpu_mem_peak_gb,time/collect,eval/memory_hit_rate,eval/value_return_corr,eval/value_return_n,train/epsilon,eval/return_mean,eval/num_episodes,train/episodes_completed,_step,eval/exact_minus_knn_value,_timestamp,_runtime,eval/return_max,eval/episode_length,time/elapsed_min,train/q_values
,374.9,,121.97797085711585,,183.66666666666666,,74.0,0.05721020931378007,4.244696064,8.337748263962567,,,,0.004999999888241291,,,10,5120,,1787077070.110677,96.893328986,,,0.48965277885242053,48.30522155761719
0.00030864197530864197,445.0,,120.7778375365625,0.008150837334582503,389.6666666666667,100.0,112.72727272727273,0.05817436287179589,4.244789248,8.420202306937426,0.00030864197530864197,0.23728017826710696,540.0,0.004999999888241291,100.0,1.0,11,10240,38.194821628312624,1787077137.3964813,139.535853934,100.0,540.0,1.1876202252383032,58.97052764892578
,471.0833333333333,0.0,120.70322682166818,,551.7777777777778,,146.66666666666666,0.07628269400447607,4.24484864,8.407334744930267,,,,0.004999999888241291,,,12,15360,,1787077180.0386875,209.193455648,,,2.321796921788094,81.72940673828126
0.008939974457215836,464.5,0.3128286014721346,96.93536350538051,0.0058086426982082206,713.8888888888889,90.0,161.66666666666666,0.09256954584270716,4.24484864,10.471170692704618,0.008939974457215836,0.7166046652240564,348.0,0.004999999888241291,90.0,1.0,12,20480,22.258563487240508,1787077249.6968281,251.449040761,90.0,348.0,3.138270439517995,82.4960952758789
,447.8333333333333,0.06470248411322935,119.70494263439068,,897.1111111111111,,158.33333333333334,0.08956371201202273,4.244858368,8.46480319602415,,,,0.004999999888241291,,,12,25600,,1787077291.9526975,316.775051417,,,4.187039381451905,80.5481201171875
0.0242984257357974,465.625,,123.4773847552996,0.024546199789202482,1003.1666666666666,170.0,170.0,0.05683378968387842,4.244858368,8.236182798165828,0.0242984257357974,0.927011076380162,487.0,0.004999999888241291,170.0,1.0,8,30720,86.39989049703506,1787077357.278266,359.55306267,170.0,487.0,4.891965958949489,84.8625717163086
,473.5,0.38976377952755903,115.32438267453381,,1188.388888888889,,175.83333333333334,0.09281576285138726,4.244889088,8.786486048717052,,,,0.004999999888241291,,,12,35840,,1787077400.056493,424.184843357,,,5.988757989020087,101.03657531738281
0.060508701472556894,470.5,0.47687074829931975,132.93287657556073,0.024546199789202482,1355.4444444444443,170.0,184.16666666666666,0.08614180004224181,4.244889088,7.616993995849043,0.060508701472556894,0.9702779300101415,415.0,0.004999999888241291,170.0,1.0,12,40960,93.44233835183668,1787077464.6882815,455.263025649,170.0,415.0,6.72745444396666,104.6940704345703
,432.625,0.012987012987012988,132.0403143196133,,1432.4444444444443,,175.0,0.07351591903716326,4.244889088,7.681691308971494,,,,0.004999999888241291,,,8,45056,,1787077495.7665396,519.186723859,,,7.58393588126637,112.31889533996582
0.003848003848003848,435.5,0.7396313364055299,133.68277756642735,0.0222040051528282,1532.3333333333333,160.0,185.0,0.07517395028844476,4.244889088,7.584750676061958,0.003848003848003848,0.5013242757223727,462.0,0.004999999888241291,160.0,1.0,12,50176,36.573788472905015,1787077559.6869903,561.139322689,160.0,462.0,8.2338057284321,106.46040649414063
,472.0,0.7947067238912733,105.14378195944946,,1635.7222222222222,,176.66666666666666,0.13566156895831227,4.244889088,9.603383203037083,,,,0.004999999888241291,,,12,55296,,1787077601.6427336,628.262268249,,,9.34852255153625,111.02699127197266
0.0765732546705998,465.8181818181818,0.6507832898172323,133.41559423059712,0.031572783698325335,1761.611111111111,200.0,178.1818181818182,0.0866316668689251,4.244889088,7.58863302692771,0.0765732546705998,0.9847696355333196,452.0,0.004999999888241291,200.0,1.0,11,60416,78.9663311160341,1787077668.7172549,666.441516013,200.0,452.0,10.099192440734866,110.13583221435547
,449.0,0.9006342494714588,133.71473921345617,,1903.111111111111,,177.0,0.07511783018708229,4.244889088,7.582975855097175,,,,0.004999999888241291,,,10,65536,,1787077706.9453323,727.177166986,,,11.103582458469706,102.78462524414063
0.08437118437118438,458.0833333333333,0.5382775119617225,134.10295958670955,0.031572783698325335,2038.8333333333333,200.0,190.0,0.07986528379842639,4.244889088,7.556058659683913,0.08437118437118438,0.9863876897704537,455.0,0.004999999888241291,200.0,1.0,12,70656,75.45864447616071,1787077767.6802287,767.866609252,200.0,455.0,11.750058566615916,114.2871078491211
,451.6,,111.34720825889985,,2132.6666666666665,,168.0,0.08768362086266279,4.244889088,9.108775060158223,,,,0.004999999888241291,,,10,75776,,1787077808.37028,836.464668203,,,12.794003973932316,112.33611450195312
0.08315789473684211,474.25,0.6481099656357389,130.07963069168977,0.033914978334699614,2248.9444444444443,210.0,190.83333333333334,0.08426439017057419,4.244889088,7.787836680188775,0.08315789473684211,0.9851783720306885,475.0,0.004999999888241291,210.0,1.0,12,80896,77.62362285067246,1787077876.9683607,875.381240147,210.0,475.0,13.544295528236155,111.95454406738281
,438.5,0.4841412327947337,129.57454813764798,,2343.3333333333335,,176.66666666666666,0.08601013012230396,4.244889088,7.8167764488607645,,,,0.004999999888241291,,,12,86016,,1787077915.8850179,929.768104597,,,14.585914280187959,110.34410705566407
0.041637671073996754,468.25,0.1059245960502693,133.61690922670505,0.0362571729710739,2450.5555555555557,220.0,195.0,0.07781209610402584,4.244889088,7.585888598114252,0.041637671073996754,0.9676529032816398,479.0,0.004999999888241291,220.0,1.0,8,90112,78.50939968710172,1787077970.2718136,968.920523018,220.0,479.0,15.099144723437105,106.63597106933594
,477.54545454545456,0.5204386839481555,129.7278966394288,,2589.1111111111113,,185.45454545454547,0.0814681458286941,4.244889088,7.811976722441614,,,,0.004999999888241291,,,11,95232,,1787078009.4241338,1044.883587973,,,16.14490457053762,111.11825256347656
0.0823045267489712,496.72727272727275,0.4469170143718127,90.65482304383471,0.026888394425576764,2713.722222222222,180.0,195.45454545454547,0.08767645200714469,4.244889088,11.207916717976332,0.0823045267489712,0.9817206353980535,486.0,0.004999999888241291,180.0,1.0,11,100352,77.82714928816549,1787078085.3869202,1046.716407305,180.0,486.0,16.906883695186117,107.95134887695312
